"","baseMean","log2FoldChange","lfcSE","stat","pvalue","padj"
"Cacna2d1",6651.78998330705,-3.56060387499797,0.105236267108097,946.538046157648,2.89650859217604e-206,4.02846414999844e-202
"Herc1",12670.4883159324,-0.354495680170117,0.0310460317970943,137.947281558281,1.10950282622227e-30,7.71548265354969e-27
"Atrn",11255.7179971522,-0.253811031676091,0.0237258878226471,120.427244038755,7.07222748250356e-27,3.27868466088865e-23
"6030443J06Rik",53.6690311772881,-2.15629645781291,0.207422859359449,108.989006515369,2.15445754836306e-24,7.49104889565837e-21
"Vps13c",2803.24889354596,-0.577202644134956,0.0589191504886618,99.9125614526452,2.01494383094061e-22,5.6047677601444e-19
"Arfgef3",4509.98602023398,-0.590365187512955,0.061210667660474,96.4710740137033,1.12608830022239e-21,2.61027267991551e-18
"Scn2a1",17331.5877778292,-0.36981437185258,0.0386251425311644,95.9304118466735,1.47562411562957e-21,2.93185431431086e-18
"Reln",4717.21814430613,-0.66442969549438,0.0712335389595953,86.3536769042671,1.77230031311999e-19,2.79057084885194e-16
"Zbed6",1392.00157571691,-0.66754267523701,0.074933970945203,86.3162204469371,1.8058051222079e-19,2.79057084885194e-16
"Ryr2",9552.31841700632,-0.380257268028913,0.042972966409693,83.0861530473123,9.0796917448397e-19,1.26280352787231e-15
"Cdk14",7812.24768821069,-0.342761062455498,0.0394896752783426,80.2127253438164,3.81968898584036e-18,4.82947585591524e-15
"Atp2b4",12630.9053025883,-0.52479254576582,0.0592899136492641,78.1624326321181,1.06473960278675e-17,1.23403319962984e-14
"Kcnq3",1893.67028278024,-0.598832272923418,0.0719667040225442,74.6396531536327,6.19733898580609e-17,6.63019927804547e-14
"Uba1",12507.4517517253,-0.157951583577548,0.0184483970942833,73.3143987351609,1.20221071008846e-16,1.19431046827931e-13
"Lrp1b",2086.11838170337,-0.530802607278101,0.0642806953190175,71.218255134741,3.42888083421694e-16,3.17925830948595e-13
"Tbc1d24",4962.76516131204,-0.259109786230399,0.0309852384223901,70.8649905457965,4.0913141029159e-16,3.44260869543459e-13
"Ppm1l",2752.75997795885,-0.513970507196411,0.0620761741300499,70.808765664617,4.20796288628041e-16,3.44260869543459e-13
"Arhgap32",20237.2476788456,-0.287171082775517,0.0349177528679584,68.9561505260461,1.06258129506053e-15,8.21021147316772e-13
"Lnpep",1916.76784065764,-0.631567098720327,0.0798972044591659,66.5714391499316,3.50102863119836e-15,2.5627529580372e-12
"Chd6",3716.57653888566,-0.283875921330091,0.0364690584377529,66.4279303294684,3.76147523496107e-15,2.61572987839193e-12
"Tnks",3318.32560299791,-0.331618909038678,0.0420258056458348,66.3069988843171,3.99593243606659e-15,2.64644896765782e-12
"Nyap2",681.1493456136,-0.602502010516801,0.076305257841671,63.8071277631531,1.39462759178592e-14,8.81658206661755e-12
"Cdkl5",3524.12795053754,-0.491033176620653,0.0638461504634005,63.4927738988143,1.63199689262201e-14,9.86861425329867e-12
"1700020I14Rik",4296.08950415159,-0.417783004315593,0.0539262849026696,62.747435300345,2.36901356627718e-14,1.37284336165762e-11
"Nbea",13527.7938155826,-0.275652150531499,0.0355582298804546,61.9568877344233,3.51748918264394e-14,1.95684958208848e-11
"Dync1h1",24916.2731816918,-0.374513491943202,0.0479444390629994,61.2310057648773,5.05657016002042e-14,2.70487606867554e-11
"Itga4",1002.65263328546,-0.636675031340614,0.0819850845520225,60.1774849980472,8.56298464526166e-14,4.41088853504812e-11
"Cacna1e",10147.9892414107,-0.425600599502751,0.0554346166631023,59.6097044822562,1.13741025018573e-13,5.64967919985113e-11
"Kcnk9",713.657874132624,-0.527744083403706,0.0690144833020989,59.4355228628846,1.24090974691302e-13,5.95123198622973e-11
"Lrrc8b",2976.67831420509,-0.331596201668339,0.04711665663582,58.926219235712,1.60078893335438e-13,7.31025514857312e-11
"Erbb4",1168.31810808894,-0.561223283638516,0.0765298151240002,58.890780268758,1.62940688528737e-13,7.31025514857312e-11
"Prepl",17295.9487410479,-0.197012071878579,0.0266343647040263,58.5295600763133,1.95194472555954e-13,8.48363976346314e-11
"Mcm3ap",2363.59800308263,-0.25785895720215,0.0345612469793563,58.4197088528927,2.06215547423071e-13,8.69104798048508e-11
"Heatr5b",2673.24611641544,-0.279697011317427,0.037703943293579,57.7408002233424,2.89563982581923e-13,1.18448702051452e-10
"Atp8a2",1131.63201427872,-0.421512840907173,0.0561463891430176,57.3529465334484,3.51532837586691e-13,1.39689105861591e-10
"Kcnh7",1859.40541412997,-0.573473853138683,0.0834142432238237,56.3592073993474,5.77768168259825e-13,2.23211102337712e-10
"Tnik",6726.17962161879,-0.277718441512464,0.0379423123690821,56.2935879353356,5.97038993642015e-13,2.24422116853328e-10
"Birc6",7604.38652739672,-0.300937559725697,0.0405962735714432,56.0206794217011,6.84327554648131e-13,2.50463885001216e-10
"Mycbp2",15252.4296651308,-0.267543910113824,0.0369089640530378,55.3876819971562,9.3911260893149e-13,3.34902004231261e-10
"Adgrl3",3866.05502770346,-0.361008454182941,0.0492311997564561,55.3185533200374,9.72139910447888e-13,3.38013046862731e-10
"Mmp16",1145.80838862747,-0.386134480881556,0.0533326864509017,55.168101304187,1.0480910520323e-12,3.5553293540647e-10
"Rint1",618.732603250922,0.448767356439694,0.0651090997675498,54.0824611547696,1.80361058892874e-12,5.97252763590974e-10
"Dock4",5111.6751272271,-0.292591703676564,0.0399712830056793,53.7964233083753,2.080918664309e-12,6.73056204260687e-10
"Dmxl2",11780.3029620339,-0.240238653434805,0.0342379044256906,53.471220038585,2.44834208780141e-12,7.73898676298683e-10
"D130043K22Rik",1846.0608173956,-0.347452520120596,0.0489446576837721,53.0531398643777,3.01756792393559e-12,9.32629659691027e-10
"Dgkh",1204.42756809531,-0.63687671112779,0.0897833842859639,51.9484321041118,5.24253449617609e-12,1.58506890810472e-09
"Ubr5",5785.36141571948,-0.225048721469508,0.0322418026281437,51.8174558098861,5.59734966153567e-12,1.64942168360164e-09
"Pcdha12",361.657382858311,-0.677355755400163,0.101331061759639,51.7837191749566,5.69256836445777e-12,1.64942168360164e-09
"Ncam2",2762.63206106876,-0.450302228953647,0.0663301648941526,51.7051243471174,5.92072520578121e-12,1.68051930942868e-09
"Prrc2c",8299.8843303358,-0.317644673385718,0.044411845897058,51.56556589897,6.34862444398248e-12,1.76593337533817e-09
"Tenm2",4546.18770115115,-0.49242127248563,0.0685375554698551,51.4481786961068,6.73240050900508e-12,1.83596522116162e-09
"Sacs",422.397670540517,-0.720834842406718,0.102528302235381,51.2771511357686,7.3334461454639e-12,1.96141478829061e-09
"Abca8b",988.026399708446,-0.41180874297065,0.0582513600753757,50.7652013176084,9.47276138032299e-12,2.48579557127419e-09
"Megf9",2447.20055235091,-0.348125342933345,0.0501773489844534,50.4688618191199,1.09856536327897e-11,2.79480088426706e-09
"Mtor",4482.68367278897,-0.228046180408523,0.032459849005429,50.4293914341853,1.12046110989365e-11,2.79480088426706e-09
"Pclo",12397.5836376804,-0.386067647749844,0.0551416887767567,50.4207455504913,1.12531528270747e-11,2.79480088426706e-09
"Cnksr2",8185.34923017558,-0.320322460941866,0.0464525752688818,50.1246916378846,1.3048527563063e-11,3.18384072538737e-09
"Pura",867.350084804588,-0.428212642134441,0.0639127003267084,50.0524697313147,1.35283333161008e-11,3.24400103035052e-09
"Frmpd4",4105.29227097272,-0.251138640368876,0.0390169285289451,49.9287257654365,1.43917947220655e-11,3.39256069482181e-09
"Akap9",3925.1723061403,-0.302105048875709,0.0447709908115879,49.8013532994527,1.53381695910488e-11,3.53723780812406e-09
"Kif1a",52796.3551819296,-0.21931612784298,0.0312460783222794,49.7785306470463,1.55142009128248e-11,3.53723780812406e-09
"Tenm3",5356.7176282691,-0.398767621526494,0.0565573450695915,49.7016419332926,1.61222474813843e-11,3.61658416082408e-09
"Lrrc8c",599.062500634401,-0.421884381570739,0.0603225559234194,49.6064551977772,1.69081121737149e-11,3.73266704939726e-09
"Tmem178b",2493.18372771578,-0.447364444509135,0.0648955881065325,49.4003424318999,1.87435538751122e-11,4.07320855148533e-09
"Zzef1",2884.66244521165,-0.27993696714602,0.0404511238523949,48.9446677243477,2.35396740185142e-11,5.03676594229994e-09
"Fry",6368.23018876577,-0.343743157763147,0.0498482989241518,48.6806796124266,2.68611581911076e-11,5.66037860790794e-09
"Mtmr9",2325.70546396122,-0.234829407316315,0.0364219961633862,48.1027292527626,3.58612200270915e-11,7.44414698711624e-09
"Tmem245",1162.22017353684,-0.616944988778647,0.0894513773055002,47.8643040709402,4.04015875690412e-11,8.26331293985626e-09
"Wdr7",8559.03591095549,-0.218460644198388,0.0316405864235255,47.787494954557,4.1983372147764e-11,8.37721950644956e-09
"Kctd16",840.339922662971,-0.437347686385708,0.0686601192103252,47.7789480594573,4.21631697908735e-11,8.37721950644956e-09
"Nrcam",20591.8894443858,-0.20136131755774,0.0294500597728883,47.7459491532762,4.28646098085271e-11,8.39663370728162e-09
"Xkr4",1061.37513786066,-0.558998193930289,0.0835713397724909,47.6617733181965,4.47071952769639e-11,8.63593988766687e-09
"Glg1",4912.53036716341,-0.340980999078034,0.0497964278902264,47.275688238192,5.42268946610854e-11,1.03313376841969e-08
"Cdh2",4549.01571474163,-0.22197840974368,0.0324869222809511,47.2025715599986,5.62460229756151e-11,1.05712119938494e-08
"Herc2",12740.3265426367,-0.301103115188391,0.0443911044315407,47.0822665036873,5.97331930923047e-11,1.10191424844157e-08
"Slc9a7",697.252094242466,-0.462873765585218,0.0718989647210222,47.0662360071442,6.0213893357463e-11,1.10191424844157e-08
"Cad",761.067199632916,-0.368567506701366,0.0549134240325978,46.9410927953599,6.4101945741569e-11,1.15783098879707e-08
"Ankrd12",3163.14479382221,-0.291019664694179,0.0437545779702259,46.7019449472398,7.22439540345703e-11,1.28816527270872e-08
"Kcnh5",1479.86555987596,-0.55633493490459,0.0877500180445345,46.6403852797526,7.45021866567617e-11,1.31161571142056e-08
"Csmd1",3459.28634809428,-0.425978811006986,0.0623206448165761,46.5858723303644,7.65607811917279e-11,1.33100918101819e-08
"Trrap",5915.94518751776,-0.291565804729629,0.0432339231352957,46.5543635545422,7.77765007510579e-11,1.33545132400705e-08
"Abhd2",2119.57485567132,-0.323501361217042,0.0486949691820322,46.163297930758,9.45730120572733e-11,1.60405055084458e-08
"Tnr",3811.94712254983,-0.427263361493336,0.0637724114924501,45.9018543825293,1.07780195314626e-10,1.80603247763352e-08
"Peg3",8755.27787398793,-0.3498126137,0.0534893257168291,45.8366786080242,1.11350380618675e-10,1.84364415910064e-08
"Bud31",1255.7843196492,0.276930887046193,0.0422224172555703,45.547946699055,1.28643854236966e-10,2.1049161467385e-08
"Nsf",29010.3488081088,-0.181156675040003,0.027059605736742,45.2574166370662,1.48756805909936e-10,2.40085899225135e-08
"Ralgps1",3142.67171849428,-0.242772894336579,0.0362433286064265,45.2306875859526,1.50758214191036e-10,2.40085899225135e-08
"Grin2a",1362.27546593244,-0.564368070093201,0.087452945453585,45.2154736716914,1.51909398416824e-10,2.40085899225135e-08
"Strn",2364.51843180267,-0.288639400373163,0.0450321214787326,44.9359667547914,1.74694326079468e-10,2.72994234507105e-08
"Kcnma1",5661.51012095718,-0.412552763351426,0.0616651080749945,44.8808647071836,1.79574248368122e-10,2.77502071811537e-08
"Ice1",5272.43466990047,-0.274354186121888,0.0415830150399597,44.7628193935312,1.90492232443941e-10,2.90061665302212e-08
"Macf1",14853.3048284884,-0.269839016020478,0.0420547223717609,44.7483766133399,1.91872830081993e-10,2.90061665302212e-08
"Htt",7688.32198818287,-0.252557626325627,0.0389445540712943,44.6918238327139,1.97375735617164e-10,2.95172229135863e-08
"Usp9x",9131.20938425678,-0.342250198096179,0.0520390920822545,44.6281899241592,2.03756601959033e-10,3.01473065962365e-08
"Pcdh10",8736.86326299966,-0.273207162831085,0.0409117664377937,44.5995400176951,2.06696411800433e-10,3.02603546875834e-08
"Sumo1",2704.35072001491,0.30878430599453,0.0483714161326955,44.4147785109338,2.26700975480443e-10,3.28433038227292e-08
"Tenm1",1197.66624172961,-0.569304035442218,0.0867429086982743,44.3651423527124,2.32397656163598e-10,3.33215113600342e-08
"Tbc1d5",1622.98621940479,-0.215302551957505,0.0361105745283136,44.3225035444606,2.37405427387526e-10,3.369219065414e-08
"Kmt2c",3695.35031403683,-0.320831403917194,0.0486076706998505,44.0018372007533,2.78690686298163e-10,3.91518188387359e-08
"Kif1b",34804.9115655446,-0.228086792623923,0.0348836097681705,43.5060152438843,3.57099157025735e-10,4.96653507591393e-08
"Huwe1",14868.572990926,-0.25381549875802,0.0389307826589135,43.3907192245945,3.78290153732826e-10,5.20916778031302e-08
"Fam171b",8787.51467732648,-0.194858636498817,0.030567316559667,43.1199293780617,4.33138018613641e-10,5.90596427733188e-08
"Arhgap21",6411.17866618503,-0.220463024186632,0.0338324387044318,42.8848086497237,4.87171779597074e-10,6.57823797149137e-08
"Slc24a2",27521.4651771931,-0.271656470852615,0.0440533103341242,42.7710131807001,5.15694494685169e-10,6.89642214623204e-08
"Dst",20712.3059252853,-0.279401070211676,0.0436258546417599,42.6279786834023,5.53926371357187e-10,7.33715045031976e-08
"Cacna1b",5552.28144378344,-0.277345149128914,0.0425540852222642,42.5127767385024,5.86769898171834e-10,7.69886390922063e-08
"Zdhhc22",613.125769223567,-0.415649578875305,0.0644274373035026,42.1725536915561,6.95578775947303e-10,9.04122394007017e-08
"Clasp1",4907.58480305411,-0.2533852419901,0.0398429335722097,42.1043906164114,7.19693774052724e-10,9.25115293846595e-08
"Gas7",24419.5839040623,-0.15659167653026,0.0245527704766261,42.089608338195,7.25032837426509e-10,9.25115293846595e-08
"Phf24",10128.9615312102,-0.202731036057971,0.0326401582367949,42.0618631856208,7.35161000201214e-10,9.29510835527135e-08
"Lyst",2520.29843576325,-0.459437031838091,0.072771535991327,42.0278276121394,7.47778872941234e-10,9.36946717555557e-08
"Pcdhac2",1868.95125779432,-0.303801165088466,0.047694354305985,41.885923893631,8.02762712564792e-10,9.96859268424208e-08
"Dennd4a",4620.90439115469,-0.218345996314108,0.0349979712988801,41.8225752181168,8.28596666736865e-10,1.01983384433419e-07
"Chd8",4164.76766078641,-0.220386303712813,0.035308085106555,41.7586614907386,8.55503659175535e-10,1.04371446419415e-07
"Csrnp3",4650.28186173283,-0.20867381996269,0.0333359877548801,41.2625835140185,1.09633640460403e-09,1.32589971436807e-07
"Rxfp2",65.1932594849523,1.18516721902287,0.184578199487607,41.0867784135496,1.19706967173171e-09,1.43090724077898e-07
"Nalcn",5540.00185416317,-0.19551202223754,0.0305269460608107,41.0756650641471,1.20373991351122e-09,1.43090724077898e-07
"Fam135b",1177.12157579199,-0.511738685410524,0.0801978615909142,40.9272293693095,1.29647773448273e-09,1.52808579077846e-07
"2900055J20Rik",274.469572274949,-0.584332274247645,0.0923655954707028,40.7660937327182,1.40525526644738e-09,1.64237733157565e-07
"Zkscan16",994.69057175167,-0.381958445951453,0.0607964595414112,40.7325519664471,1.42902137053346e-09,1.65220152206013e-07
"Sptan1",58444.9458669527,-0.127588028959443,0.0203489438472048,40.712539305578,1.44339241134644e-09,1.65220152206013e-07
"Epha6",691.758897391759,-0.517191227772301,0.082538142757749,40.7043708899492,1.4492995807545e-09,1.65220152206013e-07
"Cdh6",760.934560313374,-0.405800861155146,0.0651516109871007,40.4455915751297,1.64949643328186e-09,1.86513791821822e-07
"Ndufs4",1966.08544438819,0.272029817121715,0.0440245992530429,40.2951893397591,1.77832367875451e-09,1.99459078420304e-07
"Tnrc6b",5074.53321406414,-0.327150455962168,0.0524328589289461,40.2600865712961,1.8098112377409e-09,2.01366837556004e-07
"Gabrb1",866.605529960402,-0.401420180270552,0.0680157484766316,40.0552578279939,2.00498568874389e-09,2.20418924446715e-07
"Myh10",12194.2525046957,-0.212157038652961,0.0338836349886021,40.0475366118542,2.01274111336877e-09,2.20418924446715e-07
"Son",12320.4537475226,-0.184516968114327,0.0304855830601192,39.8112272028948,2.2651754912156e-09,2.46125474467395e-07
"Hs6st3",710.790299697007,-0.542411711139872,0.0886039395046946,39.547732948964,2.58415705136233e-09,2.74871194292578e-07
"Matn2",983.972310427801,-0.317812400982321,0.0522041805846191,39.5460523926016,2.58632937469956e-09,2.74871194292578e-07
"Pde1a",9330.53410715849,-0.27628886654288,0.0447244652312518,39.5439708066466,2.58902260945698e-09,2.74871194292578e-07
"Gnb2l1",5271.85639214138,0.184671643968717,0.0307945023872935,39.3483074365526,2.85511498904551e-09,2.99206753531042e-07
"Ksr2",1114.17314685678,-0.495389222419172,0.0798213451867742,39.3440027680896,2.86126676873948e-09,2.99206753531042e-07
"Bbip1",1487.89131773295,0.242667859513092,0.0398408129519401,39.3224114848081,2.89232331546244e-09,2.99806951510867e-07
"Ids",21206.1668109709,-0.18188397988316,0.0291088507709306,39.3101435581501,2.91011924460505e-09,2.99806951510867e-07
"Uhmk1",2011.33999517484,-0.354785142524858,0.0582383934464471,39.1402666389715,3.16810151546137e-09,3.23984969684093e-07
"Atp5o",5057.16765465128,0.267575323570513,0.0430259015190906,38.9310445254864,3.51747560339694e-09,3.570879612558e-07
"Gm15800",13883.1061959916,-0.304555022628919,0.0493365345846218,38.9159924860423,3.54404806115633e-09,3.57178408946103e-07
"Chl1",9515.17560695035,-0.279390603581188,0.0452699287176381,38.8569453145635,3.6502409520092e-09,3.65234181011108e-07
"Pcdhgc5",3743.12560217372,-0.319456989532983,0.0518117872563048,38.8128665805827,3.73158302331237e-09,3.70706119201632e-07
"Cntnap2",3516.32543518383,-0.263516129518208,0.0448874782486695,38.7851214685643,3.78371035146625e-09,3.73218748710586e-07
"Ubr1",2661.25564205406,-0.247266631568046,0.0427303057630464,38.7377291755391,3.87444043759489e-09,3.79476884549787e-07
"Bcas3",1859.88193817198,-0.232107275745884,0.0377290300549557,38.6434380482255,4.06147745599519e-09,3.95014185020847e-07
"Vps13b",2954.38066417706,-0.236306250512044,0.0384839195920761,38.5927994257627,4.16562416554253e-09,4.02329867321983e-07
"Smg1",7666.77646947085,-0.329185451131291,0.0549977912442173,38.5242544986468,4.31086503271264e-09,4.13486281896327e-07
"Lrrc7",4240.74963371214,-0.377224161303416,0.0618109197799405,38.4747801500943,4.41883356481659e-09,4.20939296023761e-07
"Map1b",39291.130882606,-0.318304048036731,0.051499975993151,38.4358254225399,4.50574444344791e-09,4.26298596731112e-07
"Zhx3",1223.55193218582,-0.336796030743019,0.0543911877820355,38.3979819460374,4.59181267276977e-09,4.31506288195148e-07
"Itgb8",976.797092653211,-0.323262472203271,0.0543041509653425,38.266629674608,4.90350864876255e-09,4.57704686489863e-07
"Cplx3",1205.13439016833,0.300796860848561,0.0493318097728376,38.0195217585522,5.54837425417057e-09,5.14445260846696e-07
"Cpeb1",1262.63303149492,-0.315726113097074,0.0521426613337045,37.9236744009835,5.82074718877877e-09,5.3612550928169e-07
"Calm2",57297.4233761467,0.194621857039226,0.0320866927696722,37.7068795147069,6.48716805026032e-09,5.93550362513853e-07
"Zc3h12b",444.640975276875,-0.464004787732087,0.0779812065893449,37.693850682854,6.52956611048458e-09,5.93550362513853e-07
"Epha4",11058.7742777032,-0.216165897736347,0.0385223304546775,37.6771693346237,6.58425484694644e-09,5.9463517150215e-07
"Akap6",12695.5311084972,-0.196714788877022,0.0332668690203781,37.3343042640452,7.81553722977325e-09,7.01280592204428e-07
"Cnbp",6951.2556678169,0.191729685655722,0.0358451795067081,37.1110816426246,8.73838172878427e-09,7.79060340281613e-07
"Syt1",69953.1374581752,-0.133798950454651,0.0223089989821784,37.0957772996398,8.80550581932338e-09,7.80044426338533e-07
"Rictor",2765.52707294092,-0.23134129058416,0.0393891801712734,37.0075255694218,9.20275644011087e-09,8.10075547905456e-07
"Epg5",2303.15983211006,-0.288916952535256,0.0475905787993891,36.9097098500673,9.66403160829289e-09,8.45329255397091e-07
"Gm608",3460.49137277267,-0.265181709014823,0.0451453226035153,36.8862645842898,9.77798612155699e-09,8.49951443616341e-07
"Elof1",1084.23874343899,0.249832642790151,0.0430926946523925,36.656966101373,1.09658158744888e-08,9.47283025977578e-07
"Rsl1d1",1780.25562705643,0.219996314130499,0.0383472142685413,36.5708335436581,1.14483895003638e-08,9.82865439327531e-07
"Frrs1l",6352.51308354686,-0.319519517793125,0.0537879510160843,36.5484128214367,1.15774521486159e-08,9.87847880263493e-07
"Dgki",1335.7453067051,-0.444030570848355,0.0744172906863463,36.3875038757865,1.25474053483684e-08,1.05813317440165e-06
"Rpl7",5490.65354239335,0.230745881608979,0.0399788039922019,36.3865567559024,1.25533487040748e-08,1.05813317440165e-06
"Zbtb38",1316.41966429088,-0.292969801362175,0.051934947038946,36.1661136363552,1.40161329364305e-08,1.17431552337275e-06
"Mdh1",27053.4975091878,0.209008237451068,0.0370046439057643,35.9746885186699,1.54239512562773e-08,1.28452882678027e-06
"Abcc1",955.119927343571,-0.227197872557407,0.0382937140540197,35.9506923384593,1.56101238375778e-08,1.29229525198233e-06
"Dcc",1161.78996752632,-0.306675289084433,0.0554604649088645,35.9243213897347,1.58173136715827e-08,1.30169939967084e-06
"Larp4b",3115.67211689095,-0.212581311423383,0.0356441078908693,35.8842214764305,1.61376507662407e-08,1.32024968739339e-06
"Igip",2572.00972903558,0.261623261023612,0.0452759923667141,35.8595040729928,1.63383286835166e-08,1.32885073292601e-06
"Plxna2",7508.55468551911,-0.25545580564334,0.0431462496377304,35.7642575733433,1.7135238091591e-08,1.38378259885832e-06
"Grin1",21072.9682154817,-0.190286136135557,0.0322803524127985,35.7552353869743,1.72127113605471e-08,1.38378259885832e-06
"Nav2",2720.96260033269,-0.239130835061923,0.0412866265395971,35.7047952098882,1.76523378730164e-08,1.41096962722938e-06
"Sdk2",1044.16403997183,-0.513230215290271,0.0878056105230601,35.5948194598712,1.86501857721012e-08,1.47393017203426e-06
"Ccnt1",744.639169862271,-0.360848909059427,0.0604801221320189,35.5946272730399,1.8651978018265e-08,1.47393017203426e-06
"Dscam",3237.01145152206,-0.295207942082278,0.0497129357985033,35.3729270089061,2.08385019831173e-08,1.6374117829446e-06
"Plekhm3",1853.74940641511,-0.23636562647268,0.0405074226849212,35.2705161267174,2.19333382447459e-08,1.71375768712318e-06
"Cep350",2169.92898208448,-0.267798642046856,0.0460755168203772,35.236028496225,2.23148324317751e-08,1.73382508078843e-06
"Vps13d",5150.06747305518,-0.272151616931315,0.0460653964045647,35.1932286114634,2.27975148272482e-08,1.76148797898538e-06
"Hectd1",6633.8966871432,-0.197544062545648,0.0341915546926845,34.8660457952696,2.68493856349073e-08,2.06310085862039e-06
"Ralgapb",6971.10381066479,-0.171949468065403,0.0300220562291302,34.8426824131421,2.71648709766586e-08,2.0758737667218e-06
"Polr2a",3050.87472965667,-0.32823334477292,0.0556666195736731,34.7227159667438,2.88441688682691e-08,2.19215683398845e-06
"Kit",1996.42239788837,-0.241235420986463,0.0433125450007389,34.5252131134744,3.18379597337509e-08,2.40653447813591e-06
"Tecpr2",3730.67963088603,-0.225616804415397,0.0386272733489098,34.5033850841858,3.21873428104598e-08,2.41979223679932e-06
"Igsf9b",928.173144317334,-0.59229960278573,0.101194318340499,34.4598598710709,3.28955010233823e-08,2.45973456039355e-06
"Slc16a7",878.356413728002,-0.387677182301128,0.0662064302140181,34.4253108025389,3.3468692033143e-08,2.48921159784467e-06
"Ptp4a1",706.311950993252,0.371276747702361,0.064998504083674,34.3521316815727,3.47159764062528e-08,2.56824361626683e-06
"2700038G22Rik",32.8648625302192,-1.41289643791149,0.250886971613911,34.2556013185994,3.64326436981156e-08,2.68097993943593e-06
"Rpl18a",4042.84417347897,0.263951758873877,0.0483366026511943,34.2007437297567,3.74457782038085e-08,2.73591958938008e-06
"Hcfc1",4818.60262189196,-0.231504349307668,0.0410255333940127,34.1939780271269,3.75726662044575e-08,2.73591958938008e-06
"Adra1a",557.056347026044,-0.356260079979947,0.0612128208493896,34.0279860730815,4.08241084549794e-08,2.95719635620757e-06
"Rpsa",12485.448679354,0.219554183520619,0.0402894677684789,34.0161844572792,4.10657158149616e-08,2.95928484743257e-06
"Dock7",1614.67688272699,-0.233753727034912,0.040960498731906,33.9434596481385,4.25864451160094e-08,3.05305298285288e-06
"Brwd3",508.331705015123,-0.327041106424341,0.0599404887435527,33.8472148266651,4.46859182316913e-08,3.18713718341724e-06
"Gprin3",223.698682353918,-0.578261537733875,0.101315970564142,33.6326565324849,4.97463737103594e-08,3.52864124324376e-06
"Golga3",1975.67590438184,-0.185235282560245,0.0340494524833406,33.623226884873,4.99814728874763e-08,3.52864124324376e-06
"Xpo4",324.113574922471,-0.365762919520573,0.0739551045859791,33.6060920992905,5.0411523373222e-08,3.54065237617319e-06
"Klhl11",1056.57094005275,-0.368241994389417,0.0645718050444267,33.5962284582921,5.06607580427426e-08,3.54065237617319e-06
"Acaca",3378.44441625446,-0.199815646801366,0.0368687614344368,33.5418122709159,5.20580635040787e-08,3.62011773607364e-06
"Slc36a4",977.080386316527,-0.280865811584424,0.0499104095748409,33.4820085837323,5.36382023749288e-08,3.71144337627119e-06
"Creg2",5756.33445283529,-0.24674912152661,0.0431877707539002,33.430800750829,5.50292829890997e-08,3.78884786045742e-06
"Aplp2",21578.2654854596,-0.113518648299207,0.0212367657961472,33.2124791307386,6.13764537124727e-08,4.20504294696094e-06
"Sh3gl2",12277.7630716615,-0.167024064632646,0.03000688025551,33.2025716261116,6.16812517858207e-08,4.20521004822154e-06
"Arid5b",836.468034875127,-0.447677327852087,0.0821714471392235,33.1296728492223,6.39709716395971e-08,4.34004035884642e-06
"Kcnb2",680.615843932873,-0.392434979764864,0.0686449092526555,33.1178285326106,6.43509418720373e-08,4.34462572600143e-06
"Ncor1",9586.13667064752,-0.198849473450671,0.035018499621791,33.0948340638686,6.50950692391644e-08,4.37363392743139e-06
"Sdcbp",5709.21085025759,0.191258193776856,0.0360175648159371,33.0607286140784,6.6214636250769e-08,4.42746712007545e-06
"Zfp91",5105.27436473413,0.179913413574196,0.0318780330939817,33.0472225456671,6.6663299167248e-08,4.43613954458414e-06
"Gpr26",2300.56895094979,-0.40520465952605,0.0727885725727341,32.9370889594801,7.04371876390018e-08,4.66495431277732e-06
"Myo5a",24914.146495219,-0.204322393447227,0.0356136353252911,32.8918881756666,7.20472208450014e-08,4.74897036735677e-06
"Selk",3262.37870460875,0.203847013251812,0.0373196669600261,32.8369542351947,7.40535677138838e-08,4.85819348945611e-06
"Stx1b",8435.81730872586,-0.231048946377967,0.0404278030187734,32.764308857006,7.67928401384248e-08,5.01424798424982e-06
"Kalrn",25199.1751796292,-0.210825526153729,0.0391645909153886,32.7430682975645,7.76127476986032e-08,5.04410324762698e-06
"Lingo2",1264.58232581366,-0.268748977915906,0.0561752606802575,32.6703717113819,8.04857364087049e-08,5.20649126498729e-06
"Trh",30.3440596615047,1.23685438109783,0.259692359538465,32.6177702771756,8.26306517587198e-08,5.32049585490868e-06
"Sv2b",23921.8900947888,-0.194968521280138,0.0360316932476196,32.5754765334094,8.43966383001495e-08,5.38801152975776e-06
"Golgb1",4868.24027596274,-0.194223678907057,0.0356798466191332,32.5741171797229,8.44540202392286e-08,5.38801152975776e-06
"Cacybp",2876.72566528759,0.22950265966287,0.0404837772865729,32.434307881851,9.05689913849525e-08,5.75175128850192e-06
"2210018M11Rik",2048.96716405406,-0.232219635020761,0.042587620089855,32.4106824705822,9.16452001741156e-08,5.78239624647769e-06
"Dicer1",2241.45889832765,-0.196748415062415,0.0346790593237577,32.405498354575,9.1883057986164e-08,5.78239624647769e-06
"Unc80",13128.2062019481,-0.236797022189139,0.0418876334719833,32.2467906808288,9.94714329122457e-08,6.23175085109691e-06
"Ndufb5",2857.91255366142,0.252159738289666,0.0455718976443737,32.1279130843755,1.05563143953338e-07,6.58373186593287e-06
"Polr3a",1253.83726719619,-0.277029481121718,0.0502592298773344,32.0138194816431,1.11760266120563e-07,6.9331474271135e-06
"Rab11fip4",5967.89574936829,-0.187675246463824,0.0337712317629226,32.00663152921,1.12162652509386e-07,6.9331474271135e-06
"Tomm40l",2022.2095515846,0.208875528918267,0.0427629527055368,31.9618165313063,1.14704306739865e-07,7.05888273512411e-06
"Ralgapa1",7847.69022978477,-0.19884734348582,0.0357648351342133,31.9179430372973,1.17248348073028e-07,7.18365649779595e-06
"Cbl",1049.18505536733,-0.440660882847569,0.0847094960852583,31.8559752908196,1.20938021037668e-07,7.37721928329777e-06
"Rabgap1l",6028.03842960589,-0.162929787794085,0.029155747799639,31.7971718836498,1.245465940292e-07,7.5641660688127e-06
"Tceal8",1373.64339206621,0.208082071951851,0.0392632138765175,31.684859205243,1.31740784001878e-07,7.96630792999185e-06
"Synj1",14068.0588237013,-0.255704938366304,0.0454196408571813,31.657561089756,1.33551249033879e-07,8.04082585092291e-06
"Utrn",2874.05148008091,-0.23102817915151,0.0418853501948503,31.5817213143763,1.38712740518193e-07,8.31558963416822e-06
"Cep83",1375.3067721673,0.217314670632091,0.0390837555238214,31.5092195518194,1.43833454035633e-07,8.5855608529081e-06
"Tcaf1",8397.71317778549,-0.171056689146501,0.0307382722492451,31.4871280449901,1.45431009762063e-07,8.64382258021696e-06
"Slc8a2",13314.3631740203,-0.23974381423674,0.0438354437085368,31.4226340813129,1.50197154782331e-07,8.8770886484441e-06
"Ash1l",6414.60874727724,-0.263687449657179,0.0482189138541761,31.4168491954469,1.5063222037912e-07,8.8770886484441e-06
"Celsr2",10508.2234817114,-0.2958967530593,0.053515333246619,31.3822949299837,1.53257325086494e-07,8.99368302659477e-06
"Ndufv2",3720.20526957118,0.207426618626187,0.0381972690168806,31.3719903262504,1.54048990787639e-07,9.00215699106927e-06
"Acap2",4225.09699418804,-0.184156601837492,0.0333112867677795,31.3336185653204,1.57033091070081e-07,9.138143224279e-06
"Etv1",3868.38127307711,-0.29947012126228,0.0537156905525005,31.2514904861156,1.63615734122744e-07,9.481531792413e-06
"Mrs2",952.526782466766,-0.276725006218284,0.0547510924778737,31.1683016240453,1.70564755952186e-07,9.84321421486724e-06
"Csmd3",1181.11482594466,-0.240470022151246,0.0671828281619141,31.0249549491032,1.8323845957674e-07,1.05309111396417e-05
"Mib1",2696.59560781605,-0.334657291694469,0.0621101027589287,30.9218357818651,1.92933958423804e-07,1.10424917438612e-05
"Slitrk1",3910.07117958822,-0.263923063162416,0.0478462530918787,30.8141982037255,2.03601924112019e-07,1.16053096743851e-05
"Mdn1",2274.63293481441,-0.347688174023577,0.0653911549234912,30.7160655503572,2.13841067050822e-07,1.2139190043032e-05
"Wdr19",887.349467686153,-0.279934061863428,0.0522706887971645,30.7007111859202,2.15489081848953e-07,1.21574339949797e-05
"Sdhd",2718.05638731605,0.225258504780367,0.0415099918314614,30.6968017606872,2.15910713025597e-07,1.21574339949797e-05
"Gan",203.494305540018,-0.54716310031111,0.098862125198616,30.6806972871751,2.17656295695775e-07,1.22063054860356e-05
"Cacna1c",3921.55743541143,-0.243249567767555,0.0439284683475174,30.6598428136543,2.19937723244916e-07,1.22847142766679e-05
"Cct3",3486.93944134,0.208375435792081,0.0395390645698617,30.566478096815,2.30448356752721e-07,1.28203029828674e-05
"Rpl6",6258.73934165745,0.187015782956798,0.034384263463239,30.5094898113861,2.37109232422703e-07,1.31383075877887e-05
"Scn8a",12829.0938246056,-0.246275816266491,0.0460992985883192,30.4899450841273,2.39437708890605e-07,1.32146811716291e-05
"2410089E03Rik",1811.68739538281,-0.307627282641903,0.0559094546344177,30.3414273848026,2.57894901794947e-07,1.41770841666566e-05
"Pdpr",653.127878296862,-0.355027594935287,0.0678173583990067,30.2886700027199,2.64788352107636e-07,1.44987259886339e-05
"Ptpn4",2312.06205138471,-0.359839774849992,0.0661488704592576,30.2671146808973,2.67657585217045e-07,1.45983595890143e-05
"Apc",37805.7266363675,-0.272601564651684,0.0499658262285869,30.1842361525077,2.78982138676828e-07,1.5156576502802e-05
"Snap91",17150.9352036929,-0.133139868583685,0.0242787134373909,30.0850923611681,2.93160328721872e-07,1.58125109418273e-05
"Ift172",2309.52712255733,-0.235959537249158,0.0433511727905667,30.0839380154193,2.93329581750895e-07,1.58125109418273e-05
"Dlgap2",3094.02381770564,-0.254962178403525,0.0479267083013877,30.0043280700774,3.05241052923007e-07,1.63910909809003e-05
"Sv2a",20202.8047647783,-0.117690441825347,0.0218148953978996,29.9787470042912,3.09170323816885e-07,1.65382340909432e-05
"Gnb5",4884.28593176524,0.154308479775251,0.0283552869558482,29.9550811130521,3.12850449871116e-07,1.66709733977298e-05
"Medag",613.078860033814,0.43742051752169,0.0843352435717103,29.8328560157317,3.32565831203442e-07,1.76539144289216e-05
"Vps13a",3964.84126247545,-0.24975648804974,0.0480366254748848,29.7625467574259,3.44464989479258e-07,1.82160421052377e-05
"Appbp2",1777.43303315536,-0.25729538343204,0.0509341448266415,29.6773595158157,3.59453951674365e-07,1.8936687726845e-05
"Ikbkap",3356.08673923318,-0.169507492035833,0.0325529326915672,29.6278278921384,3.68467271006353e-07,1.92768664020743e-05
"Rps4x",4840.17055674708,0.213729610810351,0.0442207538069997,29.6153672970961,3.70770097930977e-07,1.92768664020743e-05
"Ankhd1",2706.25703142084,-0.260907071168937,0.048940811880382,29.6115087161647,3.71486111622976e-07,1.92768664020743e-05
"Dock3",10897.9412843012,-0.231185548194616,0.0427751418015948,29.6043393706017,3.72820157406294e-07,1.92768664020743e-05
"Rpl12",4319.16101801445,0.222283815343485,0.0456930886211826,29.6042258530603,3.72841318820678e-07,1.92768664020743e-05
"Atp5c1",6984.23155722424,0.20890511102027,0.0390833559085451,29.5619789957093,3.80800775376059e-07,1.96154710515934e-05
"Lrp1",17093.0765754859,-0.26987115967,0.0497878011036522,29.5185512382326,3.89159862907853e-07,1.99720862484222e-05
"Trp53bp1",4656.41223941581,-0.156589496206968,0.0288724883724314,29.4366180109753,4.05433486385444e-07,2.07307681200322e-05
"Syt11",34499.2945023249,-0.11142245431898,0.020762871212504,29.3875720593112,4.15498833691188e-07,2.11676109120038e-05
"Nme1",4243.72634158074,0.168797515050649,0.0340119503975456,29.3790860624522,4.17265540005554e-07,2.11800333226177e-05
"Lmbrd2",1963.15451674741,-0.33981368926176,0.0663447091805889,29.3670608302732,4.19781955042731e-07,2.12302815663065e-05
"Atp2b3",6177.44825231346,-0.189920704745403,0.0357818326771637,29.294998260047,4.35183032483859e-07,2.1929440636904e-05
"Tnrc6a",2797.72122635545,-0.19266420691328,0.0362738545526503,29.2402093289842,4.47269433463969e-07,2.24571237567396e-05
"Grm1",1681.15266962492,-0.266706681203993,0.0501705485983136,29.1500423343076,4.67895354674631e-07,2.34082323482545e-05
"Snx6",1391.07916607382,0.197462472726036,0.0403631910169428,29.1285759958209,4.72944402375129e-07,2.35083902383126e-05
"Ptprd",15415.5865241935,-0.183197497286432,0.0357540808162219,29.1271661181513,4.73277916790879e-07,2.35083902383126e-05
"Tpbg",897.160260310519,0.33266609498205,0.0619082014631897,29.0929755888342,4.81438281092603e-07,2.38286249588467e-05
"Kat6a",2666.60865554532,-0.226419636353034,0.0423618851446755,29.0836235016731,4.83694779106269e-07,2.385541485039e-05
"Itpa",1454.65398575153,0.222936514710897,0.0484404057214088,29.0205599519393,4.99189538835253e-07,2.45326081488364e-05
"Xrn1",735.993312844094,-0.374913687701468,0.0705846437715806,29.0012161424117,5.04041076499057e-07,2.46838144082707e-05
"Akap11",12530.5352725699,-0.168759476886286,0.0323684877796378,28.9788149817288,5.09718364177574e-07,2.48742561718656e-05
"Smarcd3",1301.93816527162,0.213359632685446,0.0399797001665517,28.9050088681915,5.28879915286835e-07,2.57190974189137e-05
"Nrg3",1948.83524622289,-0.217797288695022,0.0428688352654223,28.8151588235988,5.53181648091581e-07,2.68071441172743e-05
"Ptp4a2",4852.3616335818,0.14502521545137,0.028797508967788,28.7163353785879,5.81201869116835e-07,2.80672069294338e-05
"Grm5",8551.56488320103,-0.186797159865851,0.0349295975529847,28.7076730389434,5.83724612384043e-07,2.80914944949387e-05
"Med12l",1717.31352192785,-0.274575581405229,0.0532589075762183,28.661434669248,5.97377058213771e-07,2.86493797435763e-05
"Lsamp",1612.5734923329,-0.240591294256679,0.0491233696835003,28.6450182413532,6.02300636161715e-07,2.87289267347697e-05
"Nvl",1670.54083579325,-0.218416509346436,0.0482787485437648,28.6421434669646,6.03166997882711e-07,2.87289267347697e-05
"Yipf5",1873.01664269984,0.168791900952694,0.032998548823178,28.5717298329092,6.24780832658567e-07,2.96568321522708e-05
"Rfwd2",2739.62543939207,0.230960768613844,0.0438232617317431,28.5605742671092,6.28275461583655e-07,2.97212759173656e-05
"Myo16",1468.93793171854,-0.303933294354557,0.0650276465742578,28.51820089105,6.41728547727898e-07,3.02547818366089e-05
"Helz",1136.97135850837,-0.423383059564523,0.0805117792460982,28.4419334836286,6.66672616198644e-07,3.13246038719282e-05
"Cpeb4",6601.6105511451,-0.2146967340151,0.0405154081546188,28.4332196249135,6.69583598559402e-07,3.13554501305191e-05
"Rnf130",8524.18396464936,-0.144169858247004,0.0273184538118725,28.2830054767454,7.2181083167556e-07,3.36533828813772e-05
"Als2",2209.27836021579,-0.188598283409975,0.0355654647871174,28.2783457905409,7.23494498240709e-07,3.36533828813772e-05
"Dync2h1",2117.29277078593,-0.259585804627154,0.0498412235658489,28.2484527926478,7.34389425682764e-07,3.40462937746529e-05
"Adcy1",40628.4948571254,-0.173929856993392,0.0335148314769108,28.233515166961,7.39894977231372e-07,3.41875725692157e-05
"Nipal3",4715.05095373882,-0.209126960882312,0.0395211441291865,28.2191413423211,7.45231691837813e-07,3.43201402982791e-05
"Cep170",4372.45668961127,-0.192956751155555,0.0377546167466813,28.193519823944,7.54840089609726e-07,3.46479074795118e-05
"Acvr1b",4065.42190859806,-0.207513566236478,0.0408280668365848,28.1205988860141,7.82869796320599e-07,3.58162931816674e-05
"Mon2",3648.11951145495,-0.192823019963488,0.0364405265616344,28.0844445630477,7.97150548893129e-07,3.63500650295267e-05
"Il11ra1",847.7775481497,0.274406138061408,0.0518805634669172,27.962242115509,8.47376223136533e-07,3.85140801025585e-05
"Sep15",5762.48607828144,0.229184727892934,0.0449032615392975,27.9285358909719,8.61778167675533e-07,3.90410773812095e-05
"Slit2",2131.42802611913,-0.263765349565395,0.0502331878904998,27.8593098022235,8.92129173855324e-07,4.0284845941493e-05
"Minos1",1744.83809259906,0.222793810216495,0.0444633030506702,27.8436841186697,8.99126536987192e-07,4.04694235482779e-05
"Itpr1",17891.6244929365,-0.235765089056883,0.0449176012346513,27.7481463928195,9.43119163031168e-07,4.23125849014112e-05
"Mast4",1786.57843911109,-0.349598702641668,0.0701172574595034,27.7352220638497,9.49233488803345e-07,4.24499657951027e-05
"Armcx4",3135.32813967014,-0.243120153030079,0.0470160743055283,27.7145945453511,9.59074315201832e-07,4.27525819738048e-05
"Nsd1",7782.01049695822,-0.156922100177347,0.0307308601756488,27.7075630531901,9.62452111223708e-07,4.27660829485602e-05
"Serp1",1962.73136588812,0.205484162675821,0.0395678548525689,27.6986997253512,9.66726840605004e-07,4.28192257934217e-05
"Ppp1cc",2945.39462824388,0.199898202871848,0.0380746900417542,27.6850641619849,9.73340292068367e-07,4.29752913717043e-05
"Ppp1cb",11763.0705841446,0.163473653235591,0.0318144916900598,27.6735423049709,9.78963818718506e-07,4.30867999706867e-05
"Kcna3",301.80109339186,-0.530425305937059,0.103073922499575,27.6543698314553,9.88393523139111e-07,4.33396898262904e-05
"Ptcd2",1181.32959814971,0.180392581058013,0.0354837893130853,27.6492196579661,9.90942002067901e-07,4.33396898262904e-05
"5330417C22Rik",1034.51433823657,-0.268244529724448,0.0510444101260971,27.6083870111223,1.0113813324989e-06,4.40949579071936e-05
"Vti1b",3998.40717840853,0.207508869926585,0.0413018446299462,27.5503156717408,1.04117795590073e-06,4.52521969083354e-05
"Gatad2b",1152.77286375667,-0.349674399534844,0.068554479973459,27.4535369967061,1.09279874303686e-06,4.73478034833541e-05
"Pomp",2459.08504370554,0.273025146954433,0.0526269992343341,27.1953072468178,1.24340916600837e-06,5.37060083256038e-05
"Slc8a1",13919.2146696845,-0.222706171944255,0.0442310277793122,27.1524541588792,1.27033859925836e-06,5.46992855680657e-05
"Soga3",2948.51421605001,-0.215924724340854,0.0417950098854923,27.0741337519005,1.32107220317507e-06,5.65672150367314e-05
"Slc12a6",6338.64523760976,-0.129472203799412,0.0271198766397381,27.0729505820219,1.32185396080944e-06,5.65672150367314e-05
"Tpd52l2",1714.64469262139,0.20378349016642,0.0406285485271372,27.0560700070881,1.33305800438908e-06,5.68716893406238e-05
"Chchd2",5220.15253500122,0.245995311616405,0.0475582267120221,27.0252959305408,1.35372843948387e-06,5.74381206800191e-05
"St6gal2",579.486950178522,-0.343209767008812,0.0725959611838091,27.0240164729388,1.35459473562311e-06,5.74381206800191e-05
"Ppp2r3a",1607.97813690032,-0.213836467319027,0.0422785221413529,26.9998074971249,1.3710910495177e-06,5.79608945796113e-05
"Ppia",22006.9825785554,0.192089455328831,0.0372941252321471,26.9674353709162,1.39346419387319e-06,5.85672442805168e-05
"Gucy1a2",5649.60022242644,-0.244328764760746,0.0487430341305011,26.9668722134739,1.39385661898555e-06,5.85672442805168e-05
"Sra1",986.719281894901,0.229190289889893,0.0441773825582883,26.9531211466227,1.40347314826062e-06,5.87936883915926e-05
"Supt6",6287.50863995622,-0.162531682595017,0.0313719446604235,26.9118276609686,1.43275150872988e-06,5.98399639141595e-05
"Tmem131",3265.26784169576,-0.196050275083772,0.0386779430879051,26.8879851040445,1.44993395329307e-06,6.03762916838325e-05
"Mga",3196.67043584108,-0.203955070734459,0.0425044022707902,26.784232981257,1.52713597181206e-06,6.3401215211827e-05
"Mff",6531.18217344504,0.154749485924754,0.0306727014004133,26.7377213374447,1.56306695691955e-06,6.46998072524915e-05
"Dnajc16",1767.69140515436,-0.194937352645124,0.0407896124088848,26.7299668109245,1.56913914312994e-06,6.47584189989651e-05
"Dlgap1",19567.1274608529,-0.142417049732441,0.0283748871110562,26.6675698166442,1.61886558801855e-06,6.66129662667513e-05
"Sema5a",2503.82466774237,-0.284434795335682,0.0636948720074497,26.5090427581779,1.75240508532795e-06,7.189513252726e-05
"Nrxn1",21683.9436504937,-0.175952550624472,0.0355057573868002,26.4959517317143,1.76391309783835e-06,7.1984675195676e-05
"Etl4",4848.53174914651,-0.220326579068178,0.0428566435120234,26.4947886439031,1.76493918908006e-06,7.1984675195676e-05
"Nup214",1427.13987982398,-0.231006583433711,0.0452043992853213,26.4707551287311,1.78627597822421e-06,7.26418897811179e-05
"Snrnp200",5065.37961034094,-0.162248803499521,0.0315825162029278,26.3793368621874,1.86981992019901e-06,7.58176543735504e-05
"Rab30",520.392083254751,-0.268132891054816,0.0592805313423236,26.3475760815072,1.89975041536689e-06,7.68073510957054e-05
"Prpf8",8743.55176324255,-0.202895821567438,0.0395784468292143,26.3381703899475,1.90870568972258e-06,7.69457354569905e-05
"Zfp706",6388.38937125269,0.12382889739212,0.0262546423713829,26.3274188714665,1.91899406109849e-06,7.70378108658474e-05
"Susd4",2928.97164492533,-0.184828370545734,0.0360222535757535,26.3242178392227,1.92206790124023e-06,7.70378108658474e-05
"Prrc2b",17972.6648496825,-0.244569206991833,0.0476873481728609,26.2940731332565,1.95125741181478e-06,7.79830117342529e-05
"Stoml2",1506.06109810274,0.214321982979191,0.0467562341587552,26.2620108830014,1.98279034239818e-06,7.90161836162574e-05
"Wdfy3",8356.0407536585,-0.290138164190378,0.0569929862323869,26.2485165623487,1.99621378085335e-06,7.93238321831667e-05
"Hmbox1",894.246118850692,-0.349904756255269,0.0708333882718714,26.231894244035,2.01287376729711e-06,7.96344534933287e-05
"Nrxn3",9418.74222097986,-0.227816475389349,0.0458585050392817,26.2293040869159,2.01548228570979e-06,7.96344534933287e-05
"B230209E15Rik",1714.92389168092,-0.260866714041992,0.0553325977029676,26.1750409537743,2.07091405251599e-06,8.15928403467205e-05
"Bptf",4024.64471809294,-0.214856030617217,0.0430724901935752,26.1530170690568,2.09384486335495e-06,8.2263260902657e-05
"Atp8a1",10477.8715956809,-0.154633778338813,0.0315274781330191,26.1425986112502,2.10478063928667e-06,8.24474740253645e-05
"Slitrk4",1213.14123567029,-0.298531363884941,0.0600734279382081,26.1372758162912,2.11038975791126e-06,8.24474740253645e-05
"Bsn",22336.8360690396,-0.31507245032228,0.0619991888297696,26.0655135659007,2.1874878282682e-06,8.5104546017957e-05
"Lamp5",9978.78863105224,0.285901079259361,0.056030721867689,26.0626332216426,2.19064045689018e-06,8.5104546017957e-05
"Celf2",16321.3024478833,-0.143409823685755,0.0292326852144358,26.0271487095876,2.22985420223388e-06,8.63830355197514e-05
"Nhp2l1",2979.39335357069,0.203788014779534,0.0406745017063713,26.0216694225234,2.23597158377268e-06,8.63830355197514e-05
"Btbd1",5765.85529345403,0.165166497097642,0.0323822005941668,26.0087683232475,2.25044144857972e-06,8.67012179137028e-05
"Zfp318",2357.8343901475,-0.218859686581264,0.0451226915229457,25.9626289516128,2.30296191173341e-06,8.8479542177868e-05
"BC030499",380.157651895687,-0.557024826563585,0.111054047276266,25.8499652496677,2.43641557632099e-06,9.3348947205158e-05
"2610301B20Rik",1318.0485426925,0.198040300704353,0.0424507580636746,25.8387957164181,2.45006045498237e-06,9.36138483733373e-05
"Ube2b",6180.55996387915,0.135027713344079,0.0296052673612675,25.7895866242511,2.5110908136227e-06,9.54833991931623e-05
"Klf12",1390.19682737589,-0.344481357286705,0.0702788149309975,25.7882886315047,2.51272103139901e-06,9.54833991931623e-05
"Kcna2",13326.7483026039,-0.228564616386154,0.0480554797593835,25.7761340738642,2.52803803340791e-06,9.5803686563044e-05
"Tm9sf4",3497.72975517972,-0.165066297559783,0.0336477638687762,25.7691198431719,2.53691971983626e-06,9.58790202812029e-05
"Mtr",431.434522993832,-0.378800194097013,0.0763013395426269,25.7578652054335,2.55123601945768e-06,9.6158782001673e-05
"Ubr2",3019.31418986496,-0.180668566395813,0.0379625102759061,25.7123587731865,2.60995028006871e-06,9.810591485188e-05
"Chmp5",2418.64069380682,0.18847503017969,0.0379439523942234,25.6685311594916,2.66777549768656e-06,9.97947419644914e-05
"Robo2",6395.06124207346,-0.179576586407638,0.0377206234212267,25.6674414012319,2.66922950897259e-06,9.97947419644914e-05
"Rab11fip2",3308.442435761,-0.175032070218939,0.0351107119101336,25.5151875152707,2.88036436084791e-06,0.000107399752092956
"Med21",532.224249186531,0.275179903571133,0.0548110663358075,25.5029382270842,2.89805970093261e-06,0.00010777062652559
"Lhfpl3",1032.45593594533,0.264365576406604,0.0566958922194987,25.4620266330856,2.95795230894348e-06,0.000109704535234096
"Fis1",3079.18138885585,0.20998711707923,0.0431546221738627,25.4564110250328,2.96626933016511e-06,0.000109720409159405
"Pcnx",6373.39628682293,-0.212124567869964,0.0423658230374696,25.4470029212571,2.98025568548724e-06,0.000109769319133104
"Dhx9",5304.04792312781,-0.198526342871853,0.0408061851415426,25.4449095809214,2.98337666323795e-06,0.000109769319133104
"Gpx4",6923.42733542903,0.215956373951358,0.0446048292931386,25.4338768545422,2.9998795284941e-06,0.000110085288871493
"Rpl15",4460.40463643031,0.179805501825962,0.0371441469886294,25.4246852077877,3.01369817466612e-06,0.00011030135319278
"Dock9",6556.94585289194,-0.155659392001317,0.0335897587618704,25.3637871273409,3.10687374614953e-06,0.00011341312352086
"Fbxo41",6793.45525857927,-0.149314580287942,0.0308010053094891,25.3178376769673,3.17907959537408e-06,0.000115745128304876
"Xylt1",887.741794296997,-0.413781692074403,0.0836874879075457,25.2808873705577,3.23835949439306e-06,0.000117572982109497
"Tnpo1",1953.83954018543,-0.250956597750398,0.0531783407959326,25.2760564668037,3.24619105047791e-06,0.000117572982109497
"Dynlt3",4724.9153633908,0.171878299852598,0.0383480080329879,25.2245919300562,3.33080691993288e-06,0.000120324318551757
"Lmtk2",9601.35924035927,-0.24130423692484,0.0491567475071237,25.2117591123718,3.35224745095263e-06,0.000120785123180956
"Prr14l",3066.79103949195,-0.248806406562025,0.0499592305253246,25.0476203463958,3.63896894540263e-06,0.00013064310120964
"Tomm5",837.779495414127,0.282315528334113,0.0590311000008982,25.0445110489929,3.64463066359939e-06,0.00013064310120964
"Tmem5",770.7493335715,0.247346577856334,0.0495825221924321,25.0011519699998,3.72450729380796e-06,0.000133163103964733
"Cacnb2",1327.91338647326,-0.195583809603784,0.0404603184050687,24.8957556095603,3.92604576694378e-06,0.000139923576464257
"Plxdc2",1831.13997615544,-0.213117938051825,0.0451271085964643,24.8918521998871,3.93371573177483e-06,0.000139923576464257
"Ndufc2",1988.94131029996,0.195668165229797,0.0433345405779052,24.8769916567388,3.96305316553368e-06,0.000140607508740414
"Cntnap5a",1087.2280059282,-0.444028084543861,0.0909058103971863,24.8660181969089,3.98485712942274e-06,0.000141021356122167
"Golga4",4436.45553646141,-0.175996952657764,0.0355244508353067,24.8484937670725,4.01992672329226e-06,0.000141901372760276
"Plec",6330.74108629427,-0.282798477013736,0.0584114252574222,24.7585900442834,4.20475293154074e-06,0.000148049882966756
"Rheb",3986.12173452028,0.21621161895464,0.0435448905506754,24.7122950164698,4.30321771954896e-06,0.000151134222332038
"Aebp1",600.349637689283,0.419125402317814,0.0842974287698458,24.657157543885,4.42350242443455e-06,0.000154967435060543
"Col19a1",1693.23715526929,-0.180660822956616,0.0473847166022081,24.5926719218402,4.56845282402861e-06,0.000159643321297965
"Gtf3c1",5040.76177923556,-0.194099147273719,0.039840592965794,24.5584315472019,4.64733893786839e-06,0.000161992957262841
"Sar1b",1737.73198680218,0.202163657960321,0.0464433330004903,24.4027569870541,5.02352593397093e-06,0.000174667996724169
"Suclg1",2806.94286180608,0.172886429203469,0.0364752761431974,24.3944532209609,5.04442638421931e-06,0.000174957312099058
"Pla2g5",120.1808575636,0.587062429422315,0.127662980008367,24.2879768335201,5.32025982371005e-06,0.000183699984597033
"Ankrd17",6919.84176153616,-0.164429357373143,0.033791062459594,24.2869791615455,5.32291442282172e-06,0.000183699984597033
"Cript",1425.67322516229,0.198919893952724,0.0415185334670673,24.2656151773047,5.38007852241668e-06,0.000184973973788451
"Nbas",1540.02229997304,-0.205495523868433,0.0417253287591772,24.2601407329821,5.39482516579e-06,0.000184973973788451
"Eif2s2",2468.21847904895,0.194620992847736,0.0423240875348613,24.2583235170665,5.39972917443998e-06,0.000184973973788451
"Atraid",1423.53776420592,0.264497679340999,0.0539313185223746,24.242619071577,5.4422959538829e-06,0.000185974083849148
"Tmsb4x",17443.0322977065,0.202179614447415,0.0416125220949275,24.2240686813541,5.49300913446423e-06,0.000187246987848354
"Zfp804b",84.6234004105571,-0.935007257706185,0.189892573141241,24.1939837313721,5.57626218310413e-06,0.000189620182011277
"Setx",3652.93197587646,-0.139206519668602,0.0299106674160369,24.1624472933985,5.66488679621846e-06,0.000192164013565381
"Tnpo2",6966.1244504231,-0.112204338042889,0.024429730220614,24.1448553284733,5.71493482925969e-06,0.000193390057433927
"Fzd3",8432.62800295605,-0.165357249992491,0.0375277151565064,24.1366836469624,5.73833291076661e-06,0.000193550511087545
"Ep300",2638.8562966545,-0.218920013097449,0.0489811222890107,24.1334878810277,5.74750942473081e-06,0.000193550511087545
"S100a10",437.172262945199,0.298922564877748,0.0632578793844598,24.1252399826775,5.77126080255765e-06,0.000193880906381574
"Adcy9",3655.86082695216,-0.237802810916901,0.0515852199822855,24.083842713106,5.89196289707848e-06,0.000197458843307392
"Dmtf1",2558.31568154584,0.199913321401408,0.0407622906241085,24.0398363708695,6.02304154961565e-06,0.000201366494884746
"Astn1",12712.205688905,-0.148782460071204,0.0306103188611442,23.9974618772207,6.1520146857679e-06,0.00020518518045482
"Atp11b",4116.80691373399,-0.243357313375783,0.0546318728194501,23.9917901538027,6.16948570964364e-06,0.000205275615429961
"Mical3",4342.34275607404,-0.218423101306545,0.0451674106667192,23.9715606108495,6.23220531020957e-06,0.000206867569103567
"Cit",3620.51739758307,-0.221820661501651,0.0456418128881654,23.9606647078379,6.26625071717093e-06,0.000207120014493268
"Map6",5132.96256752641,-0.210280316539467,0.0440039776388608,23.9595976239823,6.26959491671453e-06,0.000207120014493268
"Cntn3",1479.71408889566,-0.280354234039037,0.0585294550356229,23.858775528584,6.59375371225538e-06,0.000217312622346085
"Cc2d2a",851.245791187584,-0.302814283254058,0.0620362387147642,23.8300677000919,6.68908242090798e-06,0.000219207012046124
"Ift20",1586.1433752109,0.260993239200129,0.0537200903577948,23.8294079422038,6.69128937234709e-06,0.000219207012046124
"Tada1",1160.73590556927,0.235062340858747,0.0481412284607046,23.8272486766878,6.69851740865708e-06,0.000219207012046124
"Zmym3",3944.93302155678,-0.156679602610924,0.0321681682101727,23.7871509698673,6.83417030087453e-06,0.000222679125915764
"Kcnj6",1142.27134937126,-0.375899237163344,0.0773009207526284,23.7864283996975,6.83663983074714e-06,0.000222679125915764
"Cyb5a",1660.6798669381,0.196224373401569,0.0455943743143064,23.754264947082,6.9474736119775e-06,0.00022541668216185
"Suclg2",644.942490475942,0.233885849841432,0.0482134766877624,23.7526450438625,6.95310300887502e-06,0.00022541668216185
"Dnajc5",13644.5300195746,-0.0952969544284478,0.0210102939910052,23.6557039640654,7.29842503269689e-06,0.000236061617104066
"Lmln",450.62940676717,-0.310126024686902,0.0640234254833738,23.6362532234824,7.36975119316092e-06,0.000237815544302743
"Hmgb1",4092.91731045723,0.235554157700755,0.0497556340208633,23.6059918264159,7.48210855585632e-06,0.000240539875561598
"Gps1",3902.11848067392,0.134139021671566,0.0280619755411138,23.6042128890731,7.48876661764252e-06,0.000240539875561598
"Nup210",1386.768345558,-0.210004081174481,0.0434841446206387,23.5831448872748,7.56807025087088e-06,0.000242521076089619
"Abca5",3139.57569996061,-0.215876274210313,0.0446436656248155,23.5785908033853,7.5853226990929e-06,0.000242521076089619
"Pdcd10",1595.10698679846,0.218644847484459,0.0459168159164588,23.5617931002958,7.64929898595212e-06,0.000244005619946381
"H2afz",2730.05544135316,0.23476882493388,0.0484407727301946,23.5457259529442,7.71099769164571e-06,0.000245410883055855
"Dido1",3106.41280541407,-0.160467862840033,0.0364346057824587,23.512930406081,7.83848326793475e-06,0.000248898687877709
"Igf2r",1682.84049913705,-0.256173181851347,0.0541438984074233,23.4694190801478,8.01088320573772e-06,0.000253236675788973
"Atf7ip",2073.51594946127,-0.238628796441644,0.0497288682331735,23.4692615906235,8.01151404566781e-06,0.000253236675788973
"Ubn2",1799.66679139916,-0.28481931864625,0.0587954456286809,23.4481392765245,8.09657327503812e-06,0.000255335246765498
"Plekha6",3551.53737964651,-0.242020630891185,0.0499664607928029,23.4436855882205,8.11462317158111e-06,0.000255335246765498
"Zbtb4",5541.32207969527,-0.155296611522824,0.0324130654680452,23.3934783337736,8.32090806310344e-06,0.000261235190387455
"Rapgef5",3218.60464612915,-0.216549644686427,0.0480627991396378,23.3589843160937,8.46566354937893e-06,0.000264889312419451
"Mysm1",1366.78131310346,-0.242082838962388,0.050106015947067,23.3566874383582,8.47539143130971e-06,0.000264889312419451
"Pkd1",4239.3738478231,-0.281901131029396,0.0598922442194635,23.3491418231289,8.50742784825721e-06,0.000265294409223232
"Igbp1",866.758304048082,0.245512292443517,0.0523822289440943,23.3190895678379,8.63622679636579e-06,0.000268708371999677
"Polb",1479.14293412805,0.223796640712642,0.0475809602026661,23.2755833654842,8.82614972884201e-06,0.000274004666135568
"Ppp1r9a",12782.5642614887,-0.1806640772251,0.0389588835473769,23.2689018968002,8.85568485738928e-06,0.000274130737683586
"Tenm4",3651.27021392889,-0.352376658653369,0.0737314721461617,23.2657546618128,8.86963128829549e-06,0.000274130737683586
"Kif3c",12614.0823304813,-0.121917088980089,0.0253247078187708,23.217646234989,9.08556999825791e-06,0.000280182056620335
"Satb2",3722.0164575625,-0.210602076836818,0.0440214680850531,23.2005096740169,9.16375217547589e-06,0.000281967843487873
"Gapvd1",3465.97941060918,-0.168956053885399,0.0374005951792271,23.1808227930777,9.25440043794828e-06,0.000284128479671048
"Gucy1a3",3651.82475376714,-0.273643721144791,0.0569387889657911,23.0927545556277,9.67101511980424e-06,0.000296265370674532
"Snap47",13665.1933749569,0.158767718427668,0.0331317890105422,23.0468896701272,9.89535764982099e-06,0.000302150991338727
"Pcdh9",7916.25082259792,-0.171403548284973,0.0376103978104126,23.044620755653,9.90658987995825e-06,0.000302150991338727
"Sorl1",10546.3689478181,-0.293485308388595,0.063521382161013,23.0299128588074,9.9797109657928e-06,0.000303715142477563
"Uspl1",1608.26063389171,0.24977274296556,0.0520670070863229,23.0210750978754,1.00239076937473e-05,0.000304132667104558
"Myl6",7125.25600864607,0.206960570079731,0.0446313234619447,23.018431659746,1.00371652430969e-05,0.000304132667104558
"Pdhb",4570.9770680614,0.14367854957928,0.0305805084788785,22.992394030653,1.01686915364912e-05,0.00030682818581308
"Cyp4x1",319.622342568681,-0.346678482785695,0.086769089917847,22.9920881450113,1.01702468837956e-05,0.00030682818581308
"Stmn3",15834.9637487221,0.185084077059643,0.0399068966163311,22.9671844864558,1.0297676782904e-05,0.000309342218501305
"Ipw",63.7318341172204,-1.36531658942716,0.282321515071103,22.9615529005048,1.0326713770741e-05,0.000309342218501305
"Wdr11",1845.75859876434,-0.157827671692079,0.0329528957100583,22.9586888103378,1.03415126842517e-05,0.000309342218501305
"Dnajb14",740.046826596661,-0.341839143305027,0.0734567727602811,22.9584889563915,1.03425461319461e-05,0.000309342218501305
"Ubr4",8803.58368290498,-0.243366109125563,0.0509235462842623,22.9526503215104,1.0372783421898e-05,0.000309580840840681
"Fgf13",4788.33508431717,-0.128296377136927,0.0307649774166882,22.9435352962275,1.04201654034465e-05,0.000310329037325769
"Slit1",1663.60761024823,-0.35227907244168,0.074849233157552,22.9343583912622,1.04680876977674e-05,0.000311090093377242
"Mta3",1547.60628856713,-0.213462628847191,0.0447554203284237,22.8587653265083,1.08713174540138e-05,0.000322367213115291
"Fancm",565.24450309677,-0.283091275197938,0.0606248883534623,22.8546120944388,1.08939164627687e-05,0.000322367213115291
"Usp24",3547.46165984738,-0.161490157343335,0.0339353028641518,22.8250187226307,1.10563087942308e-05,0.000326478010000343
"Kmt2e",4705.08521004354,-0.161448299182619,0.0344693979327731,22.7925053000001,1.12375169480335e-05,0.000331125817189089
"Eef1e1",721.876646506439,0.21744283727177,0.0491031542378868,22.7750265956116,1.13361559591543e-05,0.00033332612490469
"Atp5b",33343.8414646762,0.0777660471286044,0.0193366118839076,22.7647628257843,1.13944813384613e-05,0.000334334275222193
"Kcmf1",2019.687860004,0.151450569890339,0.0334352824901015,22.7242255551491,1.16277883455018e-05,0.000340073608065664
"Rasgrf1",8361.20942780046,-0.229908008637228,0.0500180840622018,22.7223002167423,1.16389874488967e-05,0.000340073608065664
"Zfp169",514.716276178878,-0.316699379704763,0.0665305347836976,22.7124932750948,1.16961990373143e-05,0.000341028797087982
"Hp1bp3",8422.77486248992,-0.117132838376447,0.024718674838347,22.6734624158442,1.19266972064828e-05,0.000346519567347352
"Zfyve26",871.381164180486,-0.260220671781392,0.0546599413730437,22.6721803304494,1.19343451797082e-05,0.000346519567347352
"Uvssa",410.333343089534,-0.340682726466376,0.0718912211629428,22.6371151253231,1.21454303395701e-05,0.000351913844089044
"Cnep1r1",1012.18474870062,0.234776910396797,0.0500948762733242,22.5709062671099,1.25542270350416e-05,0.000363002473187856
"Atm",1040.63969167194,-0.259251437747833,0.0559640189787268,22.5619972014676,1.26102749924666e-05,0.000363866607044036
"Magi1",4709.06766150845,-0.153004955982266,0.032924693744716,22.5537808928584,1.26621865052026e-05,0.000364608053652916
"Lyrm9",1335.25249762293,-0.180808154836087,0.0382550090008631,22.5429313099269,1.27310628775624e-05,0.000365833930787474
"Ago3",946.24377493518,-0.451145804788238,0.0964818764193981,22.5276273225322,1.28288545639801e-05,0.000367643115317122
"Dusp18",1780.17070598723,-0.212138991252327,0.0447629676025492,22.5248175098245,1.28468905697527e-05,0.000367643115317122
"Cadps",12142.2613005084,-0.118838379957728,0.0258225964859564,22.5042945694141,1.29793972485126e-05,0.000370672396164914
"Naa20",1500.08927502224,0.268735900764434,0.058570936180336,22.4563494967381,1.3294305818372e-05,0.000378887715823601
"Fam19a1",2727.03861847477,0.216620023212952,0.0461277411559466,22.4461690601888,1.33621492592722e-05,0.000380042478318933
"Maml3",489.527495786982,0.528248490301003,0.112515371419811,22.4311194649303,1.34630759786821e-05,0.000381689066267026
"Tnrc6c",3393.32213555498,-0.231968006674338,0.0493412375126284,22.4293592175803,1.34749303664876e-05,0.000381689066267026
"Arpc3",4427.28319338306,0.175921676987771,0.0391540632783043,22.4009904074799,1.36674262290108e-05,0.000386354804863989
"Purg",872.573692940699,0.289359129110415,0.0613693660455749,22.3804543780466,1.38084865279268e-05,0.000389550569230034
"Slc7a14",3429.80720303099,-0.229513642009808,0.0492865551615624,22.3749124541069,1.38468023803253e-05,0.000389840743938388
"Lrtm2",1932.16170816469,-0.145911666757518,0.0443028169928294,22.361758067046,1.39381756397674e-05,0.000391620498581585
"Rasal2",4737.10378624267,-0.20377486321223,0.0447532138852311,22.3268110874876,1.41838644788902e-05,0.000397720135428236
"Fat1",2087.12334063988,-0.283233136543676,0.0608570700500233,22.3203137664373,1.42300179674334e-05,0.000398211448472964
"Srp9",2100.31319126291,0.195389207437627,0.0426727862958704,22.2961153382096,1.4403235788295e-05,0.000402249404304431
"Pcp4",5706.82933322601,0.229295635942625,0.0488873889721639,22.2695605075593,1.45957487409321e-05,0.00040634367518404
"Polr2g",1491.91910882557,0.19426104786968,0.0417393913373194,22.2678453210763,1.46082713252818e-05,0.00040634367518404
"Gria1",10483.868699077,-0.161435838953391,0.0344815835804773,22.2367431861098,1.48372211314165e-05,0.000411888366258962
"Smim7",3105.87252759049,0.190305113439324,0.0427551865321482,22.2047011702134,1.50768427335497e-05,0.000417706630952608
"Ryk",898.495217500035,0.210043796870497,0.0462449377035941,22.1614392179673,1.54065223500532e-05,0.000425991874442426
"Gpx1",1611.83068246341,0.277474563831575,0.059013990435438,22.1342230684376,1.56176084382993e-05,0.00043097162333307
"Abi3bp",464.565066240142,-0.53934324281153,0.116152468781054,22.1029202176106,1.58639691912137e-05,0.00043690313566614
"Zfp536",479.771311712851,-0.369004052713784,0.079549496517406,22.0871530365314,1.59895285074662e-05,0.000439490834944348
"Cox7a2",2983.63415242628,0.233899462503316,0.0557475906520847,22.0699244929266,1.61278616160964e-05,0.000442418736403685
"Fopnl",1256.84017942294,0.202183895817094,0.0445953250052235,22.0608195947957,1.62014502618265e-05,0.000443562539845439
"Ccdc186",1201.28289549831,-0.25448369779199,0.0562926282052113,22.0239875359411,1.65025809517755e-05,0.000450857018071559
"Rpl36al",1073.11308163794,0.300348597518313,0.0649544505705321,22.0203381384747,1.65327206799321e-05,0.000450857018071559
"Srp19",1147.26543956648,0.201960171318301,0.0430590332030614,22.0006968799946,1.66958822634303e-05,0.000454415519608197
"Cdh8",2515.22398585373,-0.26296704318718,0.0570622333684408,21.9865827944775,1.68141225410874e-05,0.000456211976414657
"Disp2",12444.9006865105,-0.210039333726818,0.0448335531949816,21.9849932877252,1.68274909333275e-05,0.000456211976414657
"Eif3i",2446.88006449363,0.194020062243357,0.0440554680673697,21.9767713184307,1.68968108791964e-05,0.000457200088925805
"Zfp236",1740.04326596052,-0.297850859333043,0.0728632806722186,21.9565438705272,1.7068567646314e-05,0.00046077609001494
"Gsk3b",10702.949925573,-0.181426729787671,0.0398477385532074,21.9534221311268,1.70952302593981e-05,0.00046077609001494
"Utp20",939.685685034346,-0.210065912018971,0.0512821290849434,21.9469348218591,1.71507713115443e-05,0.000461378969827773
"Tln2",6683.15595671922,-0.161011078372021,0.036334710135136,21.938881496753,1.72199709083535e-05,0.000461590405595478
"Crebbp",2214.51276669276,-0.256586147529332,0.0572291174429087,21.9382964761068,1.72250086643696e-05,0.000461590405595478
"Dyrk2",1069.6737680569,-0.238316764586496,0.0599261424520836,21.9079354415526,1.74884880226318e-05,0.000467749791189928
"Ppp2ca",14718.2990154346,0.125343400635039,0.0268821241177372,21.8856371174845,1.76845610029936e-05,0.000472086131342871
"Nptx1",11764.0188666992,-0.183840696906347,0.0426654366326505,21.8708743041801,1.78155808999055e-05,0.000474672603746908
"Kcnq5",4670.55931007072,-0.169957420577218,0.0401286903081017,21.8160068389157,1.83110946012219e-05,0.000486942072110505
"Cnot1",5485.41120470203,-0.182787168915806,0.0397802627766509,21.8012133928709,1.84470388473827e-05,0.00048962102345305
"Ankrd11",6922.72172491808,-0.211391499555089,0.0453542970815383,21.7911917320495,1.85397058059396e-05,0.000491143292093348
"Sptbn1",45485.242991355,-0.130387736668726,0.028334193642581,21.7871583976143,1.85771319482156e-05,0.000491199146645975
"Rbm33",2520.22005698886,-0.206874726559602,0.0443788145461587,21.7502893002367,1.89227690352949e-05,0.00049938875093526
"Lmo7",2764.07103788584,-0.222001772437242,0.0477534680337279,21.7029260555589,1.93762391666927e-05,0.000510387754413566
"Pik3r4",1721.72652937094,-0.190690028638011,0.0427009664292785,21.6831981419172,1.95683112914113e-05,0.00051447272862183
"N6amt2",739.488510952107,0.236701772588915,0.0509456010955772,21.6467687258069,1.99280083119893e-05,0.000522941018119145
"Rbm26",1503.65793758629,-0.212366083938057,0.0462124641265353,21.6392869702448,2.00026961674746e-05,0.000522942805092858
"Srcap",4256.74134113279,-0.226427716380943,0.0488795204734337,21.6392289259054,2.0003276697541e-05,0.000522942805092858
"Tpr",4310.69498336143,-0.148318516781611,0.0319693759192695,21.5473951590807,2.09431783674226e-05,0.000546487288431732
"Bag1",2459.40345347089,0.179899642963086,0.0392759991203501,21.4857490893766,2.15987623249156e-05,0.000562538551338812
"Kmt2d",4308.37411148118,-0.274868078150857,0.0604720395205071,21.4470701309662,2.20205364398645e-05,0.000572451627674084
"Cfdp1",1999.00101563418,0.189272496862855,0.044323347097921,21.3966945776664,2.25822289910585e-05,0.000585958285088885
"Zfp704",3667.76479011846,-0.186683366888243,0.0419841979690883,21.3924313651507,2.26304167521125e-05,0.00058611515118879
"Rnf7",1853.15612268071,0.188822214233609,0.0429993117023185,21.3651271502291,2.29414881924169e-05,0.00059306731929393
"Spen",2812.51654251605,-0.282085886309952,0.0614347381324411,21.3517833047478,2.30950637817297e-05,0.000595929771941181
"Gon4l",1998.97960404955,-0.165352961783695,0.0364798640597465,21.3397933729345,2.3233933746153e-05,0.000598402871373141
"Taf1",3291.93857038768,-0.161194153403118,0.0354452292896321,21.3307350030569,2.33394031939668e-05,0.00059962447215007
"Asxl3",599.620695723259,-0.297022033673983,0.0676588049797518,21.3283209402612,2.33675915951494e-05,0.00059962447215007
"Dip2b",4025.35447691427,-0.1606823717347,0.0352872731982398,21.30981684682,2.35847928731487e-05,0.000604083424087942
"Cinp",2054.31403479035,0.180644822897619,0.0402737381311129,21.2840281526607,2.38908724858085e-05,0.000610798262008502
"4921504A21Rik",62.7770280954472,-0.669816440988146,0.149757444935733,21.2104151454389,2.47865950595693e-05,0.000632535713923834
"Parm1",1504.01047855241,-0.233072663778781,0.0532163551787722,21.1811381643262,2.51521021061193e-05,0.000640687611889941
"Mkl2",9864.54803164412,-0.179126615687762,0.0419502264865932,21.1242742400037,2.58774889422017e-05,0.000657959993067899
"D430041D05Rik",11505.6748856244,-0.201421078111918,0.0453553447126051,21.1055235888394,2.61212396620578e-05,0.000662512099916144
"Tssc4",971.895680358807,0.196171696729319,0.0451846149698461,21.1031855757291,2.61517934177425e-05,0.000662512099916144
"Rps15a",2545.811126814,0.260631335876556,0.0655458006392966,21.083133645994,2.64153091722409e-05,0.000667971127213685
"Faxc",5872.63945327186,-0.155728432340565,0.0342593915739194,21.0722981935716,2.65588084540341e-05,0.000670380958219067
"Rpl5",5648.60176765186,0.181078252921725,0.0413278103413759,21.0549726104678,2.67898812984312e-05,0.00067498853097569
"Rhoa",5034.11622821816,0.127454996705593,0.030205797301875,20.9904901677176,2.76676946401276e-05,0.000695845021799087
"Prdx1",4134.45974477286,0.208097904001958,0.0502012848941769,20.9860895800491,2.77286387209075e-05,0.000696118966300327
"Tug1",4182.82994282026,0.161665466829414,0.0368223309977916,20.9694248936127,2.79606485059544e-05,0.00070067873769516
"Dgkg",2321.54297101529,-0.192600145405593,0.0488382758957244,20.9650747059927,2.80215317287995e-05,0.000700941480726878
"Bet1",619.099324452778,0.293648754287118,0.0641553820468851,20.9280800362074,2.85446788832406e-05,0.000712004042562787
"Shisa7",5662.63149672651,-0.239619556331078,0.0524689017811701,20.9265749991163,2.85661673677046e-05,0.000712004042562787
"Ttll4",372.380487174955,-0.331538550927019,0.0726155608990894,20.8718659061057,2.93583676635867e-05,0.000730254403463098
"Erich3",152.163300420082,-0.373252589234083,0.0967678493371117,20.8688005920741,2.94033984713356e-05,0.000730254403463098
"Atp5f1",8709.28801557592,0.180662576633312,0.0404826920435359,20.8505679847316,2.96726743160629e-05,0.000734403517030669
"5031425E22Rik",382.7052820664,-0.370795604359457,0.0843123380199437,20.8503391458368,2.96760696413025e-05,0.000734403517030669
"Gabrb2",16553.6489845559,-0.155090116711887,0.0371019062512806,20.8463267037163,2.97356661591074e-05,0.000734571305401183
"Wars2",435.441059170123,-0.284409790045872,0.0702349917466884,20.8404701559408,2.98228679469044e-05,0.000735390856333697
"Nav3",6794.92081593304,-0.255523426551298,0.0565009111382298,20.8370043695029,2.98745925962423e-05,0.000735390856333697
"Tpm4",883.084555440597,0.30684617701571,0.074699257106824,20.8247139069052,3.00587441250523e-05,0.000738616631256585
"2700060E02Rik",1436.4090251831,0.170467444401501,0.0413623701826757,20.8111518775654,3.02632655576466e-05,0.000742330683202378
"Lrrc49",3131.49712793047,0.178193480343353,0.0391519404667308,20.7863771394667,3.06404793162553e-05,0.000749198126871732
"Zc3h13",2825.90009014611,-0.20821682435626,0.045935461441367,20.7856922931402,3.06509731226643e-05,0.000749198126871732
"Sdhaf2",1415.05950835581,0.186215704410613,0.0417028037872543,20.7676742130733,3.09283565697806e-05,0.000754101930442137
"Panct2",176.227209305367,-0.537889709232318,0.119580201565195,20.7656265926042,3.09600375526647e-05,0.000754101930442137
"Ep400",3255.93187292797,-0.206503750279842,0.0456308669992022,20.7302901408398,3.15119074139648e-05,0.000766202112436054
"Aurkaip1",1416.17967034485,0.230663446912874,0.0509562394406606,20.7063941591641,3.18906696128492e-05,0.000774058347252194
"Rps24",5427.86997196665,0.229128875823107,0.0534132023163771,20.6946365302907,3.20787011013422e-05,0.000777265809960745
"Nhsl2",2169.01929153865,-0.277672623116065,0.061348965552713,20.6869988977503,3.22014379726553e-05,0.000778882781432505
"Mrpl30",1207.5581588226,0.233768788309659,0.0549431645617547,20.6707149478013,3.24646915223853e-05,0.000783887030717596
"Aff2",482.607256293945,-0.354986659345861,0.0799434490609789,20.6404598058988,3.29595369143824e-05,0.000794456220806293
"Slc4a8",4647.04545587082,-0.240550001132956,0.0563510060008311,20.6321145881603,3.30973514936532e-05,0.000796397862584305
"Rgs2",1852.73255917127,0.164295909630918,0.0410320462546714,20.6154342427188,3.33745434292663e-05,0.000801680742684344
"Prkdc",1145.23368541515,-0.266647493436353,0.0596589412285077,20.5998691029458,3.36352964942956e-05,0.000806551213177005
"Tmod2",25113.0952727943,-0.138894092115037,0.0309392845163332,20.59304825625,3.37502029231844e-05,0.00080791363555189
"Slc7a8",3441.63138551941,-0.242193863434957,0.0533911670140676,20.5748903416421,3.40580147654687e-05,0.000812600438496163
"Ncoa1",5073.65861931967,-0.179601719032024,0.0405838179559366,20.5746066831338,3.40628455308645e-05,0.000812600438496163
"Arf2",1951.23190798564,0.169173173249177,0.040784971804524,20.532745969221,3.47833064979555e-05,0.000828366826667063
"Mocs2",1505.41823835414,0.186058898927725,0.041867040758837,20.5287853109324,3.48522571435009e-05,0.000828590072396256
"Mydgf",990.292628726237,0.203003496394591,0.0510390998935984,20.5205074508559,3.49968071322858e-05,0.00083060681500995
"Cul9",2576.7657811371,-0.217774382965391,0.0484259920486143,20.51178448881,3.51497783905848e-05,0.000832816214405884
"Zfand6",1621.06350257096,0.196548958800958,0.0442272328471576,20.5052343683328,3.52650847467546e-05,0.000833500219246385
"Clasp2",16251.5914394195,-0.134032837135461,0.0311827628384843,20.5033398044131,3.52985065527841e-05,0.000833500219246385
"Ube4b",4141.88179153307,-0.19320301021748,0.0427563121426152,20.4806620649684,3.57010294848366e-05,0.000841576132330691
"Cycs",3735.78536262747,0.196819888283491,0.044079057444312,20.4702224652273,3.58878689219316e-05,0.000844549037167893
"Nipbl",2261.3019015334,-0.210251380507945,0.0486883102348992,20.4309923536883,3.65987607710688e-05,0.000859823589195987
"C1qb",1091.99754485828,0.20744422574014,0.0558859972256842,20.420001800783,3.680043469881e-05,0.000863103618534654
"Zfp277",725.403034795196,0.204320344970168,0.0519169319290117,20.3387323418352,3.83266082384606e-05,0.000897384625219715
"Tanc2",10258.3192711914,-0.206727758440323,0.0466353141496779,20.2860074046366,3.93504281611239e-05,0.000919807991369598
"Elfn2",3296.38163188559,-0.22254410740824,0.0549820522539758,20.2540895958232,3.99834556599333e-05,0.000932608003247849
"Dopey2",3466.90668220417,-0.172775368591538,0.0412128091085141,20.2516559434218,4.00321381894568e-05,0.000932608003247849
"Cntnap5c",121.336492186372,-0.620427584294711,0.139806579425878,20.2313991630965,4.04396595881793e-05,0.000940526397244812
"March1",1806.18106587202,-0.201811117212094,0.0479451415132959,20.2076170563647,4.09234001307966e-05,0.000950188061801534
"Akirin1",2716.50222971656,0.169008163588556,0.038617739244443,20.183473879667,4.14204043507798e-05,0.000960124972851076
"Tmem208",598.125980088785,0.284665828906483,0.0647485133817883,20.173851627791,4.16201632798782e-05,0.000963150134603239
"Opa1",7875.90728638048,-0.125960100750724,0.0292716231373798,20.1358053534045,4.24194880838516e-05,0.000980017010415628
"Rgs8",3386.09829358387,-0.187472168393478,0.0513132533411484,20.1120822977597,4.29256439785952e-05,0.00099006609693914
"Rpl19",7089.37768155614,0.163688669014425,0.0387880080937481,20.1060408978913,4.30555055061463e-05,0.000991417169833581
"Rbm18",2202.59468364394,0.176437601097846,0.04222007901383,20.0739710610358,4.37514619150457e-05,0.00100577740878422
"Ric1",1878.99674692106,-0.201881682784087,0.0452024835871634,20.0674391737123,4.38945853140394e-05,0.00100740246294993
"Pin1",3071.06389692431,0.174136801680683,0.0396342698138598,20.064029949831,4.39694723568361e-05,0.00100745868457805
"Rimbp2",4459.1796434783,-0.232878692501305,0.0544164011449197,20.0067587849537,4.52467645298789e-05,0.00103501973862098
"Akap10",1152.82357873134,-0.237047684191866,0.0530358613409439,19.9969382356699,4.54694849320526e-05,0.00103840656229062
"Zfp109",197.544179181494,-0.617818699711338,0.150947888795846,19.9888397146561,4.56539759957615e-05,0.00104091065270336
"Ppargc1b",357.123877169688,-0.401572006012436,0.0982070753977449,19.9685574825484,4.61193137989637e-05,0.0010481544264756
"Spcs1",2131.80509380893,0.201548937035434,0.0451015828992885,19.9684231220938,4.61224122090214e-05,0.0010481544264756
"Ppp1r12b",1611.59445876959,-0.258632651140349,0.0585866014319427,19.9471514225933,4.66155812422809e-05,0.00105749745343373
"Bod1l",3759.09654263167,-0.165921233913032,0.0375643711914329,19.9441492402557,4.66856080247563e-05,0.00105749745343373
"Skp1a",11598.5162795764,0.143433761047991,0.0351278403401357,19.935252241789,4.68937515361398e-05,0.00106048503473924
"Gpr137c",894.22234596881,-0.285257014414337,0.0649359068404353,19.8949444153205,4.78484320962696e-05,0.00108031817142032
"Clcn5",266.11287625164,-0.434151000450979,0.0973705305655021,19.8575962310723,4.8750353194263e-05,0.00109889775077117
"Fat3",3792.36428167827,-0.272641820603821,0.0719883444235282,19.8344381006567,4.93181174589682e-05,0.00110989705116396
"Txn2",3448.08505776709,0.166463307159381,0.0385586098602191,19.8268967587476,4.95044308945822e-05,0.00111229018559265
"Cdc37l1",5171.62462269267,-0.128043388996601,0.0293006688771744,19.8175883936532,4.9735370553653e-05,0.00111567666719388
"Nudc",3107.89692853725,0.12727793423757,0.0326449460298176,19.7687421525549,5.09650182998243e-05,0.00114141944366176
"H3f3a",4659.7616825547,0.162651007154695,0.0405286898908181,19.7558984111436,5.12933622205404e-05,0.00114692617646829
"Phc3",2760.92352674732,-0.195217119873785,0.0440859544138846,19.7509544804146,5.14203144815291e-05,0.00114791931590547
"Srsf3",4097.32137331087,0.194384811083751,0.0452786093031512,19.7470556228049,5.15206524928618e-05,0.00114831608152359
"Prkab2",1594.88824941333,-0.176796117551387,0.0438338782052113,19.7028436090528,5.26722501074368e-05,0.00117210504719077
"Rapgef2",4919.93544642972,-0.185654163736274,0.0421692041497791,19.6846288546208,5.31541472365681e-05,0.00118093910505781
"Cfap36",2961.52424676126,0.13881426541047,0.0335769797259024,19.6765840744619,5.33683845352288e-05,0.00118194284679441
"Dek",1719.45221321381,0.144444658254434,0.0432165725779016,19.6765500815853,5.33692916153933e-05,0.00118194284679441
"Cd24a",640.004022987931,0.345951806135382,0.0800276390537114,19.6501065565494,5.40796132187818e-05,0.00119440014611832
"Gtpbp1",1911.95806102763,-0.166662223266029,0.0405137457159488,19.6482206766088,5.41306310972817e-05,0.00119440014611832
"Cyfip2",33263.4542458986,-0.169701622672456,0.0383603198371303,19.6437717718484,5.42511761321062e-05,0.00119440014611832
"Cntn1",20409.1945178121,-0.129154649474457,0.029542899816883,19.642882576768,5.42753014341948e-05,0.00119440014611832
"Mfsd4",2816.12612422686,-0.292337149010513,0.068032771273603,19.6165127230685,5.49956557874391e-05,0.00120834056981312
"Ppp1ca",5975.12341532315,0.140901281891736,0.0323725912746373,19.5627636796377,5.64936768734558e-05,0.00123729670785766
"Cplx2",40152.3283153963,-0.0991497619285544,0.0263948046120785,19.5617817316456,5.65214206099112e-05,0.00123729670785766
"Prdx3",2027.70183137361,0.203108332130968,0.0460595498585138,19.5596945665652,5.65804361660534e-05,0.00123729670785766
"Hdac2",2675.49441191883,0.137332334735335,0.0325801985196797,19.5560850409617,5.6682642634025e-05,0.00123758586146628
"Camta1",9053.76013513046,-0.188711751935058,0.044546904023298,19.5328717458631,5.73443708838568e-05,0.00125006833748645
"Gpr158",9637.24078470692,-0.198339524116428,0.046412541631424,19.5297441958467,5.74341147292094e-05,0.00125006833748645
"Gad2",6745.680336308,-0.169155472315067,0.040036835228271,19.4996981682866,5.83034619838693e-05,0.00126700710823696
"Mrpl42",1013.92261472764,0.228309970226473,0.059223091062865,19.4963411797755,5.84014061862829e-05,0.00126715562751766
"Sec13",1533.46095496328,0.132720671163642,0.0361263290439553,19.3855426151491,6.17280996084796e-05,0.001337249858808
"Mcfd2",1618.29693786775,0.173271548458024,0.0393672609720173,19.3699278484598,6.2211920776306e-05,0.00134563513865764
"Herc3",9340.6315600644,-0.114301148739718,0.0300308871610322,19.3649787482408,6.236605792307e-05,0.00134687443104667
"Gmps",1685.04746264953,-0.193115725966989,0.0442447116278386,19.3605882653795,6.25031168609772e-05,0.00134774162682554
"Clstn2",3702.70972698002,-0.204801547070636,0.0468527994332256,19.344473707124,6.3008756223124e-05,0.00135654145750961
"Cpeb3",2629.90748097324,-0.218385849200943,0.0530263624328494,19.3371108029041,6.32411474477815e-05,0.00135944030711552
"Cbln4",559.999683415638,0.468615739667241,0.107689922988484,19.3245593773906,6.36392786955612e-05,0.00136588748163251
"Ryr1",293.832051412417,-0.481827128757742,0.110600313059884,19.3149083459684,6.3947113167447e-05,0.00137037973795509
"Ptges3",3105.5252837011,0.130790118640725,0.0326144275183063,19.3061109931466,6.42290153694364e-05,0.00137430330116634
"Pcdhga3",402.149200887509,-0.484675031681138,0.110274819073054,19.2975068037795,6.45059299041652e-05,0.00137810825362078
"Wfs1",2624.47850811556,-0.321238137921042,0.073570357404834,19.2919654542239,6.46849026803547e-05,0.00137981231054965
"Fam96a",577.789929576866,0.248327587020068,0.0588061941896322,19.2748821631015,6.52397846209795e-05,0.00138951749541896
"Amer2",797.879315819948,-0.301554003928162,0.0797227766154965,19.2682671670237,6.54559223211437e-05,0.00139198924715973
"Pygo1",281.510642497407,-0.41455230423353,0.0960216795633622,19.2505069968318,6.60397649308046e-05,0.00140226114604218
"Ttc14",7611.67863583851,-0.215267950667156,0.0504361200603791,19.2375125938589,6.64702355023875e-05,0.00140925005391342
"Psmb3",1644.97816190732,0.20113732668348,0.0470925868162823,19.2322973296261,6.66437916101634e-05,0.00141077907719049
"Tbc1d30",5099.38730021203,-0.162808226706448,0.0397254356598669,19.2081577947465,6.74530405753987e-05,0.00142348475311577
"Pdcd5",787.31589565157,0.26399993519862,0.0609299169477532,19.2068103020905,6.7498502126856e-05,0.00142348475311577
"Atp6v1d",8948.77071840077,0.152461851951907,0.0349606527928751,19.204566239649,6.75742800582502e-05,0.00142348475311577
"Nphp4",504.984557307359,-0.289510951043131,0.0724813511523721,19.1997857800695,6.77359913019891e-05,0.00142348475311577
"Dpp6",8937.47993235578,-0.147335213160543,0.0336876382108809,19.1992025986735,6.77557453668851e-05,0.00142348475311577
"Syngap1",11701.6947245262,-0.166935705762665,0.0382693387277125,19.1955904317113,6.78782284734042e-05,0.00142390709141494
"Gda",15219.3179409218,-0.17865250935105,0.0408930094704859,19.190352173528,6.80562433364786e-05,0.00142549131374058
"Ptn",10685.9439527023,0.221883522854636,0.0507041206230365,19.1869138109541,6.81733449871236e-05,0.00142579681515927
"Aldh1a2",320.244054429678,0.4300897268998,0.104887002834223,19.1459655382592,6.958352216688e-05,0.00145310454398944
"Nrg1",243.854275450731,-0.376620465968354,0.0861949571054069,19.1182271691499,7.05553122686266e-05,0.00147118932988315
"Zfp871",5083.68740269667,-0.191653321812255,0.0457231272641428,19.1083379005383,7.09050464273202e-05,0.00147626854148379
"Gabbr2",11925.1105884564,-0.149712764948837,0.0355768021878417,19.1048578255603,7.10285312692346e-05,0.00147662901777655
"Zfp369",545.203776541097,-0.369490488887491,0.084476356141022,19.0978521958227,7.12777673237121e-05,0.00147959878796744
"Ncstn",2138.60670163468,-0.198274967229272,0.045828794990369,19.089750772371,7.15670785742512e-05,0.00148236401707628
"Robo1",1778.25829991398,-0.270659441318276,0.0621200020998351,19.0881566186326,7.16241457776287e-05,0.00148236401707628
"Arfgef2",3281.79314386638,-0.179654284633798,0.0428803818346185,19.0621900052254,7.25601269470749e-05,0.00149950407961355
"Rpl4",12404.6466485285,0.13604773915579,0.0341170029039644,19.0510336461178,7.29660113592356e-05,0.0015047715745169
"Ahsa1",3949.34468149547,0.175835770004998,0.0418075126403701,19.0492419445711,7.30314073050695e-05,0.0015047715745169
"Arel1",5981.61060866355,-0.102919625213913,0.0262553490111231,19.0357783050803,7.35247000909641e-05,0.00151269456932711
"Sort1",22145.3583511023,-0.165448657355222,0.0391551564009002,19.0197360412043,7.41168229843318e-05,0.00152262448163381
"Ryr3",1344.92926221867,-0.299994503950671,0.0687896124023632,18.9957954556812,7.50093543273615e-05,0.00153676222854387
"Nln",1358.84537356533,-0.188115332795658,0.0435112580513044,18.9953517807435,7.50259960584765e-05,0.00153676222854387
"Cox19",677.180211078389,0.199794325675029,0.0525054291803298,18.9868403091343,7.53459672496811e-05,0.00154104663604201
"Eml6",1653.69117050635,-0.197769722460612,0.0455276217419975,18.9799490194191,7.56060304797416e-05,0.00154201618640615
"Ndufaf4",1277.57869225865,0.197597113304219,0.0466061955004957,18.9797086843191,7.56151164170977e-05,0.00154201618640615
"Plxnd1",5115.76604923169,-0.180719386135066,0.0476334065962771,18.9723739024345,7.58929357347878e-05,0.00154541573967705
"Foxo3",1518.74693048777,-0.264477080563109,0.0692349977786323,18.9656390346855,7.6148930959002e-05,0.00154806403368555
"Wdr45b",2546.39925459568,0.146813906230143,0.0339915964205214,18.9631015882114,7.62456041900057e-05,0.00154806403368555
"Ank3",11476.5654069919,-0.17620068266095,0.0416031113251413,18.9369619512874,7.72486610020298e-05,0.00156566348681106
"Psma4",2718.99442715596,0.178047728142153,0.0416727973229149,18.9346615850086,7.73375622259993e-05,0.00156566348681106
"Med13l",3744.16975804297,-0.251567982376099,0.0595500115030267,18.9235992167515,7.77665157395395e-05,0.0015720591582929
"Azi2",2836.8105536067,0.142306565345021,0.0328061897703314,18.9101656169427,7.82906160330132e-05,0.00158035687632387
"Sae1",3045.3715703109,0.166151419792399,0.0571553904541794,18.8950273075994,7.88854582013144e-05,0.00159005645313606
"Atg2b",2425.16881533337,-0.180235716748237,0.0420567870176667,18.8900331124767,7.90826890364506e-05,0.00159172509279154
"Pcdh11x",1584.26949328066,-0.265930373044689,0.0642742311109883,18.8836827438618,7.93341902196768e-05,0.00159447964967524
"Psma3",2651.68242012963,0.162972039434463,0.0420863722568803,18.8684910645432,7.99390944775436e-05,0.00159958472937246
"Ttbk2",5345.15253117728,-0.180009274457099,0.0422012768637689,18.8665235569385,8.00177735597709e-05,0.00159958472937246
"Cadm3",16429.8485084076,-0.203229674177956,0.046907769899519,18.8644136531886,8.01022330025076e-05,0.00159958472937246
"Sphkap",10029.2328948005,-0.204952613748779,0.0502348727198406,18.8631944506167,8.01510783133213e-05,0.00159958472937246
"Aak1",19599.2250697092,-0.127047999178666,0.0322328359861114,18.8628906198665,8.01632554193704e-05,0.00159958472937246
"Ilf3",2665.00323828074,-0.14869705507458,0.0350706845567479,18.8460448530244,8.08413127646808e-05,0.00161080369331115
"Slc24a4",625.944855534825,-0.319959856828212,0.0756010384930997,18.8403071023718,8.10735694105996e-05,0.00161165984287382
"Slit3",1459.09429498163,-0.289138473457324,0.0676962155926716,18.8392596616719,8.11160404092374e-05,0.00161165984287382
"Ppip5k1",4602.97684381942,-0.126825779718362,0.0310482197104619,18.8208693100402,8.18653564289301e-05,0.00162422735693803
"Usp22",9815.68427960752,-0.134793250163126,0.031164753941759,18.8163497010995,8.2050565316474e-05,0.00162558299490245
"Rev3l",2420.99655772385,-0.184652282081909,0.0430072360900923,18.8004357689542,8.27060432303275e-05,0.00163623847688107
"Morf4l2",9921.74642355346,0.146749027380939,0.0360636416164935,18.7922862285382,8.30437389001809e-05,0.00164058568270414
"Pik3r1",8822.30346649825,-0.170628267483208,0.0409754931717753,18.7756537082712,8.37372318724763e-05,0.00165193960408851
"Pigb",277.715418287647,-0.372153904456698,0.0861162019790247,18.7553512414401,8.45915971528024e-05,0.00166436774226785
"Sub1",7543.39084714582,0.206436497489356,0.0479742064731997,18.7549975785439,8.46065569300671e-05,0.00166436774226785
"Paqr9",1045.27604834847,-0.246518898397878,0.0619474411334086,18.7328781573501,8.5547474511537e-05,0.0016778238010894
"4932438A13Rik",9731.32384701742,-0.211618947707065,0.0505443177840491,18.7308267166336,8.56352673154768e-05,0.0016778238010894
"Ddx6",7938.48046675022,-0.161112503181914,0.037281839725012,18.7304244097064,8.56524948787369e-05,0.0016778238010894
"Pcdhgb5",163.24846753937,-0.531464415022493,0.124086501679816,18.7112756768466,8.64765016270039e-05,0.00169158253815523
"Rfx7",1897.35843513503,-0.207285755553317,0.0541798764238851,18.6979036661093,8.70566211612316e-05,0.00170053860549215
"Nrip1",1136.54867658526,-0.293489159471175,0.079159068303165,18.6885773512111,8.74635278904159e-05,0.00170609080771375
"Rap1a",2082.11045517938,0.209211974743792,0.048625427947662,18.6829066150214,8.77118710926799e-05,0.00170853879993976
"Rwdd1",1062.58153246059,0.174393612078184,0.0441468573242829,18.6794113076045,8.78652950964332e-05,0.00170913360028139
"Xpo5",1908.02942385787,-0.176171037121111,0.0407856244175958,18.6591390851314,8.87604364636544e-05,0.00172324294167928
"Derl1",2163.03873082395,0.14106541256169,0.0326548088070992,18.6573819693409,8.88384519114209e-05,0.00172324294167928
"Mrpl12",1715.68369695854,0.193251370833022,0.0472195668638627,18.6488377042471,8.92187934094231e-05,0.00172821027679423
"Grin2b",4607.70679668026,-0.588506585032323,0.135910811054477,18.6253462505234,9.02729115606946e-05,0.00174619701527975
"Cartpt",328.80646170608,0.44926751315546,0.10687861901979,18.6050867883473,9.11919990749614e-05,0.001761525448798
"Rapgef6",1337.15208031003,-0.250291394425399,0.0591284285055751,18.6013639683976,9.1361902852902e-05,0.00176235970163407
"Drc1",591.610069513622,-0.369135655805816,0.0859493466056519,18.5705221127208,9.27817073792728e-05,0.00178686292075825
"Jmy",2518.03612744592,-0.126601452933108,0.0351992414887061,18.5682080517219,9.2889120772808e-05,0.00178686292075825
"Rpl10",5806.1432356081,0.180670758641151,0.0457458038022608,18.5639584902756,9.30866996175388e-05,0.00178819035674134
"Ubap2l",4789.85737295209,-0.140050030511473,0.0327946529896082,18.5555579677593,9.34785103532876e-05,0.00179324016826693
"Med13",4013.82213149708,-0.157204110395809,0.0377121698824046,18.5472614903035,9.38670869271408e-05,0.00179821411154638
"Cntnap1",9888.83592448772,-0.18279063871882,0.0437724150767555,18.5304685231678,9.46585585192461e-05,0.00181088202460203
"Rsrc2",2786.3172531169,0.173904698418363,0.044464412061699,18.5203165517487,9.51402655442729e-05,0.00181759727086504
"Trio",8395.34816560142,-0.196687171143401,0.0466885435662978,18.4968409739849,9.62635816217749e-05,0.00183653483291584
"Zranb3",377.0919656091,0.314746508848991,0.0733260484372765,18.4822551666948,9.6968188840388e-05,0.00184744324711249
"Smpd4",1731.66736102445,-0.21351752279368,0.0497261491974676,18.4646552904212,9.78252684964586e-05,0.00186122275547024
"Foxk1",2424.67687274177,-0.214070000867173,0.053726449749323,18.4465871710994,9.87130318239971e-05,0.00187554760465594
"Znhit3",599.141465002622,0.235033734340793,0.056302988799053,18.4112576374246,0.000100472267008327,0.00190636874427259
"Cct5",4808.03324997693,0.166820409599524,0.0389184809725961,18.4048948070485,0.000100792420004331,0.00190983784389678
"Urb1",533.745384424665,-0.334407304903564,0.0781658115957049,18.3987306967307,0.0001011035470114,0.00191312670997899
"Jakmip3",1223.86829156033,-0.198895960152856,0.0483440419134218,18.3935496041897,0.000101365799970593,0.00191548307879212
"Sv2c",524.616383531819,-0.411812242987836,0.0959462939240939,18.3870586200167,0.000101695316304327,0.00191910238692074
"Neto2",4779.50379100016,0.210827966054097,0.0524618775990248,18.3758809748353,0.000102265264571811,0.00192724295347526
"Atp5g1",4855.66864662462,0.200011461058165,0.0467620344181367,18.3670160920479,0.000102719555428663,0.00193136700629792
"Tspyl2",2324.04843203591,-0.182605858640787,0.0426093918844267,18.3661930805953,0.000102761833812228,0.00193136700629792
"Plekha5",1956.78464618133,-0.161015340162745,0.0407030811178091,18.3587093833912,0.000103147073340927,0.00193599122270663
"Plcb1",12687.1849683912,-0.162359658960949,0.041601648699131,18.354354223142,0.000103371929089596,0.00193759675172251
"A230046K03Rik",1672.17493925997,-0.155354905623351,0.0391063467115215,18.3444148001722,0.000103886936411742,0.00194462922155385
"Grm2",2231.24278218025,-0.323520437922648,0.0759430982359418,18.337677133693,0.000104237504347189,0.00194793653835204
"Zfp652",533.063151602117,-0.25643778465671,0.0673494472320936,18.3356398537774,0.000104343738932433,0.00194793653835204
"4930539E08Rik",421.44049205964,-0.281014466618358,0.0656548238567598,18.3245754996925,0.000104922586637167,0.00195539891555682
"Tpi1",19306.8361355806,0.152661429790287,0.0366752989463458,18.3200494990875,0.000105160295348461,0.00195539891555682
"Cacna1d",2070.59143514995,-0.213760759215891,0.0501952974433146,18.3199551452701,0.000105165256603142,0.00195539891555682
"Timm8b",2010.52185263091,0.210168985720788,0.0510588510208466,18.3003609805334,0.000106200632835975,0.00196943771117458
"Hnrnpc",7027.64806654482,0.147902398576442,0.036460445042006,18.3003069787421,0.000106203500386895,0.00196943771117458
"Flnb",1241.21098715714,-0.313411462478944,0.0754839534292652,18.2889282707447,0.000106809451798045,0.00197803709135448
"Ppp1r12a",3269.7696393901,-0.177985993850017,0.0416684001295962,18.2745787664775,0.000107578538845497,0.00198963074237125
"Kndc1",3957.00999422459,-0.210378539400606,0.0528507809696298,18.269339267781,0.00010786073713552,0.00199220070661462
"Fam49b",6432.38841382505,0.104560922201993,0.0253621873906874,18.2391541163497,0.000109500980087738,0.00201738968485943
"Psma1",2289.31639788148,0.148490740356018,0.0381698686012362,18.2389051646435,0.000109514611163997,0.00201738968485943
"Hadh",679.397404365321,0.197897552920756,0.0565477131574721,18.2329324677601,0.000109842148779693,0.00202074683231212
"Qrsl1",571.775665803251,0.25930872911767,0.0614745673719193,18.2144745645414,0.000110860568901935,0.0020367883649777
"Txndc9",1447.20288077923,0.109621883671918,0.0366446750131118,18.2069863483285,0.000111276420868209,0.00204086782682555
"Brpf3",1581.65637584301,-0.212329270821711,0.0508804639957038,18.2051957440214,0.000111376091498461,0.00204086782682555
"Fam21",3725.3469041689,-0.179757038116835,0.0421459327875445,18.1901803037044,0.000112215418800583,0.00205351133502824
"Fam118b",513.001254119791,0.2730000412907,0.0646961954369471,18.1855120421341,0.000112477650186293,0.00205351133502824
"Psd3",30112.5500271552,-0.1510670660403,0.0357141367756185,18.1849540843322,0.000112509033454955,0.00205351133502824
"Rgs7bp",11157.2852690309,-0.119438695669658,0.0355727659726185,18.1650105983342,0.000113636556965984,0.00207137252199595
"Efr3b",6540.37381422486,-0.138755010803292,0.0328179250726134,18.1569050191499,0.000114098036529476,0.00207706216237167
"Slc25a33",907.05557460899,0.199351231200705,0.0516712010005648,18.1230398863071,0.000116046458450618,0.00210977012304732
"Gjb2",383.961643046585,0.356569510402323,0.0848373359933278,18.098068782993,0.000117504445447908,0.00213348802518211
"Map3k9",4272.8720130514,-0.213029484885674,0.0506297213649065,18.0754588294918,0.000118840367527999,0.00215493068002531
"Fryl",2089.38877273646,-0.203103794422155,0.0496105916547104,18.0704774273718,0.000119136732282165,0.00215749176117233
"Dnajb6",5603.72781950699,0.12912019367746,0.0310907254548555,18.0476225055912,0.000120505971192619,0.00217944999654999
"Otud6b",2838.65331254848,0.205216382787779,0.0497742049393647,18.0449051424281,0.000120669811714488,0.0021795788848378
"Paip1",2073.1450332404,0.145583747965271,0.0366133112616828,18.026911024438,0.000121760383743305,0.0021964246655018
"Pex5l",5994.76791344373,-0.167527928547498,0.0440191274437824,18.0233955094038,0.000121974597185606,0.0021969699563843
"Ndufa4",6454.54379279804,0.219082098724481,0.0527087480650305,18.0189874253643,0.000122243730805097,0.0021969699563843
"Gm3414",160.145612960229,-0.472573881103945,0.117939608230631,18.018206779346,0.000122291454659209,0.0021969699563843
"Srgap3",13414.4969262381,-0.177543327386521,0.0427062125508861,18.0160652485681,0.000122422470247184,0.0021969699563843
"Snx25",2179.71610949514,0.170755019293626,0.0410189715541124,18.0051046809855,0.000123095221877737,0.00220363927898735
"Wbp5",1934.49168226712,0.173482958938542,0.0446056894800124,18.0040053370018,0.000123162902472893,0.00220363927898735
"Gramd3",989.604576134587,0.261091204156624,0.0615725170209014,18.0022760731136,0.000123269439103549,0.00220363927898735
"Pcdhga7",329.929686146374,-0.404211133511453,0.104270758391291,17.976922162993,0.000124842067250814,0.00222888763969745
"D630041G03Rik",87.569493686577,-0.741250979932438,0.213355791552793,17.9706294741685,0.000125235481976086,0.00223044244392109
"Pfdn4",513.342573659066,0.276370059585643,0.0661343808048744,17.9703993022643,0.000125249895650156,0.00223044244392109
"Atp6v1e1",13160.4312769472,0.144661893121792,0.0343349761595318,17.9257718691229,0.000128076100627174,0.00227785474107767
"Eif4g3",11025.5913560365,-0.174668332793971,0.0413767487784858,17.9155618095035,0.000128731604699095,0.00228658896316093
"Atp1b3",2480.21025318646,0.161973498273832,0.0386177124222112,17.9129918342197,0.000128897129546166,0.00228660877261235
"Zyg11b",12739.3755138329,-0.125050475652414,0.0301060935663532,17.9036403015759,0.000129501233627634,0.00229439892648807
"Colec12",447.079260011101,0.478242489541387,0.114529528105067,17.8993364960389,0.000129780207745733,0.00229641619507336
"Ago2",2908.8329490193,-0.317227564095823,0.0752853099683524,17.8833990910336,0.000130818519114785,0.00231184747630042
"Ctage5",1609.0999134589,-0.129358604544776,0.0336515740457081,17.8605964167487,0.000132318560143214,0.00233538900313683
"Serac1",1001.64202633041,-0.207702903504729,0.0492530269417726,17.8099406654522,0.000135712710039713,0.00239170459672128
"Rnd3",856.313249037234,0.237127739939276,0.0617913743993893,17.8078709890814,0.000135853223426072,0.00239170459672128
"Snhg14",578.527602710302,-0.367017067037069,0.0903493732615055,17.8024633421631,0.000136221043594892,0.00239514826083156
"Mrps11",571.793666920526,0.206456149693192,0.0556921347961909,17.7926943259326,0.00013688804404623,0.00240383701590273
"Cramp1l",1539.38305670701,-0.238509599528871,0.0565681969278977,17.7843300562631,0.000137461727077436,0.0024108672133581
"Elmsan1",877.786938501557,-0.314876262380729,0.0748232541434659,17.7546684535341,0.000139515587196809,0.00244380703618793
"Nudt4",9636.66964836167,0.152421458967843,0.0363059307138468,17.6215977650095,0.000149114083710125,0.00260865242294392
"Sept2",2761.8750476262,0.171767898004183,0.0410250657761469,17.6075464835178,0.000150165394433794,0.00262374410274524
"Ylpm1",3843.52821173357,-0.22540046198465,0.0543111294514368,17.6002666044208,0.000150712983382549,0.00263000774514992
"Arxes2",1435.58398288942,0.202052413186021,0.0486295321520806,17.5945263056503,0.000151146173521983,0.00263426188138313
"Atp11a",2086.19329890006,-0.177022182525721,0.042389233679793,17.5833353300209,0.000151994280667949,0.00264519828453772
"Pcdha5",265.424029108554,-0.363910027330872,0.0868024591185533,17.5812340322855,0.000152154057206657,0.00264519828453772
"Ptprt",7685.16264538246,-0.201301591920388,0.0484670436014858,17.5315563083685,0.000155980719050379,0.00270656921000504
"Grm8",663.154783752581,-0.246731785705583,0.0625073895322229,17.5303686110838,0.000156073375497846,0.00270656921000504
"Celf1",9863.68052008742,-0.121184100272119,0.0291695403940545,17.5230123087742,0.000156648494002177,0.00271315971928054
"Atp5h",4483.85712574329,0.164416900048294,0.041007605065601,17.5181143768359,0.000157032590961329,0.00271484431994476
"Pgr",1246.83348588357,-0.226927803785259,0.0546456247130752,17.5167957673393,0.000157136157431373,0.00271484431994476
"Arhgap26",6139.66273410527,-0.2499010887823,0.0600276969667253,17.4985108617354,0.000158579354462148,0.00273637923307638
"Zkscan2",490.796839106225,-0.322652299286759,0.0780858938407559,17.4836602824168,0.000159761234573865,0.0027533571876745
"Tiam1",4013.30197119499,-0.207485282286588,0.0501303885577144,17.476024339514,0.000160372364302069,0.00276046886474403
"Rpl21",4910.55876915268,0.197631407132794,0.0497278022291792,17.4651974817734,0.000161242882808098,0.00277202226711375
"Map1a",50615.6148581713,-0.187631540176635,0.0452737925936118,17.4551210566693,0.000162057308626628,0.00278258401034462
"Spock2",26212.0051899672,-0.167588117962355,0.0403762363042285,17.4506954249842,0.000162416308660544,0.00278530952016135
"Trank1",12873.2013575239,-0.201886679091365,0.0508434057928749,17.4171359473941,0.000165164605261668,0.00282895237682177
"Zfp398",503.42589001635,-0.300638363246543,0.0766334208279892,17.4111901850821,0.000165656350592323,0.00283388502341702
"D830031N03Rik",167.296366038448,-0.34671032128373,0.0848775119840175,17.4005203893675,0.000166542471883775,0.00284421489363417
"BC005561",609.706092626091,-0.336498925824503,0.0809337447289751,17.398999178866,0.000166669193148681,0.00284421489363417
"Celsr3",3305.85739491056,-0.280170435948762,0.070230628553497,17.3661472126828,0.000169429506866716,0.00288777644791947
"Zfp800",448.331332130884,-0.216485642937322,0.0594057439741099,17.3432049101566,0.000171384248502022,0.00291751790473209
"Chmp1b",1157.911468957,0.175709689457051,0.0449640067425711,17.3269703051486,0.000172781087905655,0.00293770094204382
"Rps3",5856.11455534892,0.176943443654419,0.0462823328244861,17.2852446547533,0.000176423654535283,0.0029959709246358
"Zdhhc23",386.719284170737,-0.321577929908463,0.077386529614292,17.2745285817338,0.000177371475880605,0.00300839327627739
"Abhd1",159.154828529345,-1.35132195326308,0.325074119608389,17.2685217871,0.000177904993677275,0.00301376693308591
"Btbd8",60.2633378726629,-0.70934172229763,0.17496609095514,17.2527049099625,0.000179317522477447,0.00303400012483739
"Sat1",1594.04044253561,0.264977506892428,0.0656371271646968,17.2419885486415,0.000180280916874158,0.00303976390605924
"Crem",669.691068957829,0.30689908308686,0.0801023326496206,17.2416844362189,0.000180308331791595,0.00303976390605924
"Snx2",2076.19113465633,0.176489064700819,0.0436592537321776,17.241623071707,0.000180313864142858,0.00303976390605924
"Atp9b",2369.68607079183,-0.146248300777875,0.0357851542839239,17.225421477002,0.000181780482585214,0.00306077839200382
"Phospho2",1008.36309505645,0.22627069683971,0.0550869995448169,17.2185652822223,0.000182404713133323,0.00306757527238
"Alms1",502.769653068633,-0.18278692048002,0.0647083960485643,17.208844999662,0.000183293383592038,0.0030787975591764
"Sprn",10324.7786552431,-0.136688333454577,0.0330151797404563,17.1555292082168,0.000188245310219274,0.00315816136855207
"Vps29",2666.51342876178,0.149715648851223,0.0390469379801066,17.1317857992169,0.000190493420965424,0.00319202710697244
"Setd1b",1724.92097929064,-0.218588219640441,0.064040121051818,17.1260936790084,0.000191036348927288,0.0031972726123715
"Ssna1",937.276529348166,0.228495160710396,0.0557456830559223,17.1210282630409,0.000191520801442812,0.00320152801258008
"Ube2w",2598.59046829058,0.189708754639601,0.0470867305651825,17.0967811651503,0.000193856845210971,0.00323233536577166
"Wdr59",1124.03978849919,-0.188561069605809,0.0465364407673683,17.0928836811556,0.000194234990520861,0.00323233536577166
"Mfn2",6589.37702206047,-0.151456954149077,0.0382840696492089,17.0923392063589,0.000194287875747691,0.00323233536577166
"Dcun1d5",1022.63639515634,0.16291996698382,0.0456539423587214,17.0922825191749,0.000194293382642012,0.00323233536577166
"Xpot",3783.9712540375,-0.118485186502799,0.0292351091922193,17.0596396062049,0.000197490553903732,0.00327882650341489
"Vps8",2294.29012969988,-0.135539744154543,0.0379506164682504,17.0589421731941,0.00019755943412868,0.00327882650341489
"Slc35b4",1944.87283432948,-0.152440101711839,0.0370171253030352,17.0333038358596,0.000200108284000272,0.00331383392838887
"Lrba",1379.20460406949,-0.16565110024868,0.0489899722660001,17.0329341493151,0.000200145276089061,0.00331383392838887
"Rps7",3753.98296055294,0.211002163546276,0.051442899948951,17.0291852630784,0.000200520788853204,0.00331610360448319
"Dnm3",6006.39329568094,-0.204774981544115,0.0496527059524119,17.0061482580426,0.000202843841423574,0.00335053699111529
"Pcdhgb8",73.6480895902028,-2.8209164170802,0.64347157867567,16.9935146178606,0.000204129224970584,0.00336776899275312
"Srr",5340.76415055399,-0.115869652658073,0.0289498611880915,16.9866267933516,0.000204833440041387,0.0033753832749948
"Nlgn3",3769.06153143899,-0.159086446218489,0.0395663805335357,16.9566230052725,0.000207929494882502,0.00342234723648028
"Adnp2",999.704813011097,-0.178572995895111,0.0435413579656969,16.9503688440606,0.000208580724867006,0.00342681451118412
"Dnah5",320.383161393166,-0.468465361488499,0.1136737303735,16.9492859234849,0.000208693693627621,0.00342681451118412
"Cdkl4",797.200128077992,-0.23551252336833,0.0606578681256556,16.9272863749482,0.000211001949018983,0.0034606310223538
"Slc6a7",2873.71298304505,-0.196511485726375,0.0483613116256844,16.9212426375906,0.000211640533573266,0.00346444167067845
"Nol6",4088.90502209167,-0.149382145956699,0.0379996802126608,16.9203738739409,0.000211732486344311,0.00346444167067845
"Bgn",465.506477729254,0.313884378037257,0.0785002209332966,16.9179514197013,0.000211989097849958,0.00346456448049026
"Ddx39",396.012723368582,0.302149888127219,0.0762582519819872,16.9122820689762,0.00021259087063505,0.00347032139529609
"Supt20",700.582103848138,-0.208516602592985,0.0545165791354796,16.8900167343,0.000214970796961102,0.00350269790033109
"Nifk",854.193798111578,0.20151246043961,0.0495288340295676,16.8890201561915,0.0002150779412484,0.00350269790033109
"Dnaja2",6147.2724015147,0.114022812328029,0.0288137372669535,16.8784328685399,0.000216219506117261,0.00351717063284078
"Htr1a",807.046624619336,-0.338344072066069,0.0823183707535307,16.8688417277654,0.000217258892210588,0.00352994938418792
"Syne1",21475.9311187328,-0.148772732278491,0.0400010292197791,16.8381006859527,0.000220624070575098,0.00357785950500138
"Zfp142",1217.7942872921,-0.187303073441522,0.0460012704376548,16.8372119093117,0.000220722135123036,0.00357785950500138
"C1galt1c1",682.73664509304,0.196355413178268,0.0515723318954881,16.7956895952639,0.000225352481386609,0.00364866392447608
"Cops4",2062.277201251,0.15244988985575,0.0458165153783406,16.7701497194823,0.000228248671303112,0.00369125874474846
"Atp5j2",2752.03458075434,0.24812787796842,0.0606525717692504,16.7660096335664,0.000228721645227078,0.00369461166297119
"Trip11",1160.62609141063,-0.228197808123873,0.0631473109236323,16.7631038378307,0.000229054195940368,0.00369569113357151
"Zbtb16",1736.63759466805,-0.346577379088279,0.0846043428378203,16.7497294023993,0.00023059106417632,0.00371617673298292
"Synrg",2687.91534230371,-0.166754918922511,0.0408861237294901,16.7209849429476,0.000233929101987682,0.00375585086605245
"Serpinb6a",954.750783731055,0.208565301289961,0.054372704727909,16.7205754145387,0.000233977007198619,0.00375585086605245
"Fam173a",1072.63848930018,0.175079191933763,0.043508098729135,16.7192634475974,0.000234130542600687,0.00375585086605245
"Adamts16",149.269678326418,-0.514119620560208,0.131981426620599,16.7178852346047,0.000234291939081886,0.00375585086605245
"Cct6a",5947.93043870074,0.122646143842072,0.030412788154363,16.7169364048313,0.000234403117035772,0.00375585086605245
"Scyl2",1525.4113774952,-0.141715724028479,0.0401344094930997,16.7055549028541,0.000235740849546917,0.00377293870598219
"Tet2",1355.56077273178,-0.224328403329905,0.0571787189886891,16.6912003336012,0.000237438915182968,0.00379574762340773
"Sec16a",2362.99422033306,-0.181706250294569,0.0445179138485738,16.6829250100421,0.000238423392419666,0.00380710969204675
"Sesn3",1384.46302252132,-0.238752749091941,0.0615491233753668,16.6795276802395,0.000238828738043753,0.00380920881733086
"Ccdc88c",929.26934486287,-0.3211836353724,0.0788508154001428,16.6662361954643,0.000240421218056405,0.00383021569384705
"Ubr3",10466.5259492811,-0.152017603799078,0.0389412081686892,16.6578409912757,0.000241432531726083,0.00384192637442376
"Elk4",467.371349448451,-0.277155349108288,0.0685993980576634,16.6432698515053,0.000243197928460316,0.00386559633031552
"Nsmce4a",657.632064215658,0.248377131955536,0.0615367859022311,16.62454546815,0.000245485485647799,0.0038975024365178
"Elmo1",3779.38400029696,-0.115356480906876,0.0375790604639677,16.601109094038,0.000248379051047489,0.00393894622801423
"Grb10",1557.20116585922,-0.168233451451709,0.0445430225901793,16.5922462142939,0.00024948217027573,0.00395193396833127
"Tagln3",7918.08614490869,0.124597294413486,0.0307692811930388,16.5726682750219,0.000251936335944603,0.0039862691243658
"Atp2b1",29103.4359929791,-0.135729090676998,0.0343633520362753,16.5336263818775,0.000256902687935564,0.00406023020887253
"Drp2",4152.32993593393,-0.156772151318329,0.0405584226997281,16.5270109164728,0.000257753860307052,0.00406905867099942
"Chmp3",3431.25569932955,0.140164158941094,0.0359206290965114,16.5169382046722,0.000259055274924979,0.00408496685221838
"Flii",1737.51507725518,-0.143513763976702,0.0354185820776568,16.513053233893,0.000259558975068316,0.00408827432078159
"Sirt3",1935.19284889991,0.159915607958514,0.0399564385701996,16.509432147424,0.00026002934349728,0.00409104989746625
"Pou2f1",931.971468742412,-0.220781476189527,0.0581287255812273,16.5045165065338,0.000260669234981107,0.00409648329956749
"Cisd1",2232.42573780211,0.188927291102696,0.0490360722033846,16.5010978858435,0.0002611151806223,0.00409885996850446
"Epha5",3657.79135249943,-0.161538229820233,0.0397838808870657,16.4911359625582,0.00026241902983705,0.00411468305183055
"Ncald",22713.2347042529,-0.136601077663313,0.0337305990561588,16.4796470978524,0.000263930816222148,0.0041337272432631
"Timm23",1476.34906528784,0.175023425516261,0.043558893435817,16.4772895209018,0.000264242118270173,0.00413394756006925
"Rpl31",3062.52564484765,0.213170239624963,0.0530462092789227,16.4671205043251,0.00026558908093023,0.00415035161525577
"Iqsec2",8305.17315774871,-0.159080490236622,0.0394625184877432,16.4573534583314,0.000266889263466337,0.00416598863781124
"Map2k6",432.612412835479,-0.308971512701105,0.0763640918236759,16.4542281038758,0.000267306651276979,0.0041678261277581
"Aldh7a1",2409.2274475154,0.308241529898479,0.078588325803691,16.4302670863439,0.000270528381403626,0.00421333564228626
"Dcx",1891.68543080685,-0.258632925585239,0.0638138170007109,16.4268221582726,0.000270994758354672,0.00421587818702101
"Fbxl18",750.005925250843,-0.236710576435123,0.0584161482571497,16.4188260351998,0.000272080380821238,0.00422803791783439
"Anxa2",382.479604831703,0.395741179911106,0.0991941047059083,16.4145575796766,0.000272661682417731,0.00423234227574309
"Psmc6",2886.70412867098,0.156117012627348,0.0402969854994368,16.407893794874,0.000273571676965603,0.00424173342612888
"Foxn3",503.876003691781,-0.275719278704564,0.0741598499661212,16.3760008829359,0.000277969144492446,0.00430506843111238
"Mrpl18",959.44108748669,0.194244874950978,0.05205633213902,16.3737974083123,0.000278275562235406,0.00430506843111238
"Hint3",334.999391639119,-0.317114504912499,0.0802522481484216,16.3685400011906,0.000279008028493293,0.00431160406698302
"Myo5c",102.65656650972,-0.62502193521638,0.162090743612291,16.3651723253981,0.00027947822854426,0.00431407680643015
"Urm1",1455.74079023982,0.195891086082596,0.0486380470167025,16.3512837037866,0.000281425766554927,0.00433932323863184
"Fam175b",1232.7794766355,0.173504454546407,0.0459146843624111,16.3258298686513,0.000285030337975046,0.00439003537160237
"Adamts3",945.306080119038,-0.223279866531296,0.055333986170985,16.2983485424956,0.000288973875177446,0.00444585028315035
"Arnt2",12953.1704464637,-0.125811040942909,0.0313093967434768,16.2912122360711,0.000290006819995165,0.0044568119917047
"L1cam",6680.04318569706,-0.215309608123391,0.053531832564043,16.2778673310276,0.000291948346902312,0.00448169713986463
"Scarb2",2674.89853502206,-0.17116489228771,0.0439138319771999,16.2701121985253,0.00029308259359652,0.00449414852452085
"Uggt1",3225.8976633654,-0.145674867344059,0.036269621870802,16.2549736835649,0.000295309428321162,0.0045233078514215
"Ppp1r3d",397.847583641383,0.229593480213678,0.070525218667523,16.2409559528007,0.00029738648274496,0.00455011133335194
"Cdc42",12077.6290369483,0.126535683379429,0.0316968084095233,16.2262807719487,0.000299576608249138,0.00457378974354076
"Sema6d",2179.24974687802,-0.179494848671467,0.0498856877196471,16.223699516258,0.000299963499774343,0.00457378974354076
"A230070E04Rik",658.692018436021,-0.1691402755443,0.0464272478147269,16.2226463169723,0.00030012150204452,0.00457378974354076
"Farp1",2947.73227136457,-0.188287911497138,0.0473969900433394,16.221793529429,0.0003002494992704,0.00457378974354076
"Pde4dip",9912.74468204159,-0.135688446238615,0.0353227690872402,16.211188976677,0.000301845733194265,0.00459020336422934
"Atp13a3",2903.11231142915,-0.144732367156883,0.0367402364571409,16.2102527556222,0.000301987063436141,0.00459020336422934
"Tmem215",489.116079359676,0.415691426064273,0.107282914305768,16.2017238584328,0.000303277621547989,0.00460191864221339
"Tmed7",3929.42822215603,0.128238963527028,0.032431499975088,16.2007879743709,0.000303419571103658,0.00460191864221339
"Kcnip2",3946.75906798044,0.212809108159672,0.0529709722629775,16.1895272935721,0.000305132744922956,0.00462286080216609
"Ube2e2",1989.67544024034,0.130743046929574,0.0332787785913721,16.1872221148033,0.000305484640442156,0.00462315601661535
"Npc2",1900.31856668685,0.172526234283967,0.0467588632739257,16.1508697326221,0.000311087956852015,0.00470283837380198
"Fnta",1466.9744655949,0.179536183131615,0.0446740471268411,16.1447093266811,0.000312047648164051,0.00471222441983238
"St8sia1",2056.78979645183,-0.194984880881538,0.0489138867958104,16.1377644805376,0.000313133093088352,0.00472348704845206
"Zfp639",892.242827868603,0.164322091223881,0.046183832448019,16.1348122918837,0.000313595648374269,0.00472533941233947
"Taf13",991.184432428226,0.214459078923844,0.0635704641445294,16.1215960468042,0.000315674788888446,0.00475152052365856
"Rprd2",2041.99810711031,-0.170130463651308,0.0426265521866919,16.1142487060578,0.000316836606769269,0.00476385246156432
"Apba1",9240.33891922289,-0.146688128488273,0.0365580910027603,16.1014654586508,0.000318868192785567,0.00478922119358712
"Cdkn2aipnl",1169.45379417627,0.185699030429573,0.0464062230476772,16.0874234764401,0.00032111484115109,0.00481776182387201
"Ptgds",20670.3946886394,0.266445755115649,0.0665149061304162,16.0652707841305,0.000324691391274906,0.00486617227354675
"Arpc5",3654.43265540525,0.13681063616367,0.0341495343730603,16.0620511165992,0.000325214511395239,0.00486645718590355
"2700049A03Rik",306.579381536377,-0.264869786051721,0.0748594491997021,16.0608479816705,0.000325410208720902,0.00486645718590355
"Cntnap4",1338.85310661967,-0.167959811295186,0.044433915359616,16.054922718342,0.000326375708813508,0.00487565344594873
"Ap3b2",6169.63661853818,-0.0971486903448442,0.0268856596827722,16.0516859697401,0.000326904334514846,0.00487831060561425
"March2",2062.88151071434,0.145351451287053,0.0383071071391914,16.0476794709305,0.000327559861801501,0.00488238392520701
"Rps27a",3944.0659304857,0.194203837567387,0.051299865784001,16.0457294480681,0.00032787939215871,0.00488238392520701
"Fam131a",15366.9652361013,0.120910813086184,0.0304905150578373,16.0429677444251,0.000328332457750846,0.00488390141433024
"Rapgefl1",6343.82941731125,-0.149641334071763,0.0373951377945698,16.0334760843314,0.000329894371150402,0.0049018920020938
"Rcn2",3856.59672536375,0.100353293703348,0.0291839313023456,16.0145149467658,0.000333036830038672,0.00494330441000837
"Eif4a1",8593.8279650059,0.196168769898772,0.0491454941219845,16.0026363612605,0.000335020718886179,0.00496251671247441
"4933434E20Rik",1325.03402948558,0.170309088683669,0.0485034241139444,16.0024925582819,0.000335044808240831,0.00496251671247441
"Sobp",3337.40026448839,-0.205025003988618,0.0519559875962749,15.9858196004681,0.000337849576921532,0.00499521060523506
"Dnajc6",16525.5785685721,-0.0895377862937641,0.0236013938286111,15.9838100389374,0.000338189212278969,0.00499521060523506
"Eef2k",1220.05754693749,-0.24202970877389,0.0614942085993647,15.9829798462233,0.000338329622528863,0.00499521060523506
"Wwox",406.977756495395,-0.481040048479033,0.126613591399989,15.9778731285153,0.000339194603299321,0.0050012146928489
"Tmem242",1348.02425107218,0.188448619243939,0.0503187489164384,15.9763355689306,0.000339455469517498,0.0050012146928489
"Pfkp",9106.41389365537,-0.108654361336766,0.0279576181858296,15.9594977894577,0.000342325371428697,0.00503816006966171
"Rab1",8256.40439836631,0.0787053222020936,0.0197807731366751,15.9450806635784,0.000344801961016103,0.00506924489832131
"Dld",4616.03828813096,0.114963541077711,0.0362414016125502,15.9424818030157,0.000345250298353792,0.00507047639863203
"Cdh7",560.433177604106,-0.33688514371024,0.0843211796441807,15.939112510882,0.000345832413101991,0.00507366793398996
"Npc1l1",125.770383047527,0.463563380577045,0.11926567053056,15.936551667622,0.000346275508017696,0.00507481534827199
"Rspo1",218.729484049468,0.504208796501227,0.12755656906321,15.9284132937796,0.000347687438542405,0.00508981393983255
"Ino80e",780.691584968527,0.180804059569373,0.0475216238931229,15.9264388674612,0.000348030849639111,0.00508981393983255
"Nip7",1030.8450413276,0.18910513488797,0.0565381029508483,15.9189035558186,0.000349344583389978,0.00510366015313846
"Rnf31",574.696874299818,-0.28099970079289,0.0705976820841837,15.9122141061495,0.000350515001165432,0.00511538576727055
"Chchd3",1749.20662134931,0.164133442935677,0.0442334733632593,15.8905856454533,0.000354326121151509,0.00516106620092301
"Crim1",1828.92442126109,-0.257590758337966,0.064627275493959,15.8889578445452,0.000354614624733052,0.00516106620092301
"Cnih1",2181.37529152017,0.143666114486597,0.0360941957066865,15.8881473456476,0.00035475836123687,0.00516106620092301
"E2f5",352.280955421733,0.266700660611238,0.0673911143957389,15.8820714820479,0.000355837731640444,0.00517135963600344
"Cfap69",363.03283941035,0.362706277536593,0.091900490447746,15.8771784404834,0.000356709361841955,0.00517861566231515
"Grpel1",1274.9479727735,0.182943526710742,0.0463648795521906,15.8728883470861,0.000357475341318124,0.00518432434520592
"D430036J16Rik",94.313615247463,0.528201844382473,0.144736476244794,15.8525900259085,0.000361121889363402,0.00522548396248511
"Yeats2",1228.82935442975,-0.19389212174889,0.0514152981615715,15.8517472755669,0.000361274089225577,0.00522548396248511
"Rundc3a",11173.790195322,0.104398424198939,0.0265009076152596,15.8508258069672,0.000361440578940946,0.00522548396248511
"Epha7",2428.30574482511,-0.157283191139221,0.0397735656286448,15.838112088716,0.000363745524127645,0.00525334657275939
"Chchd1",513.044334030544,0.275333723857438,0.0746236993570712,15.8310822993682,0.000365026300912194,0.00526361409166905
"Taok1",8339.67973912638,-0.111777819975054,0.0344743687630145,15.8300575805768,0.000365213373487247,0.00526361409166905
"Mtif3",616.394008699745,0.226853822269343,0.0603756834207071,15.8186749312033,0.000367297847458242,0.00528497312413916
"Dok6",444.649857114114,-0.382139747405024,0.0994976107787523,15.8178174853137,0.000367455350233144,0.00528497312413916
"Ppm1e",11019.0641701331,-0.155289839299047,0.0392954313906607,15.8026090043236,0.000370260220023905,0.00531981316125255
"Gdap10",38.641648895472,-0.807301753234572,0.244413662481298,15.7986006828222,0.000371003025126195,0.00532498459592892
"Gnai1",7330.20184748027,0.111125418165713,0.0286438350452872,15.7869650756639,0.000373167738687078,0.00534628800683009
"Rpl18",2781.95149477189,0.200486785649073,0.0539387070209006,15.7864916284429,0.000373256086758126,0.00534628800683009
"Arfip2",3597.77222397182,0.103931973378805,0.0296523821973338,15.7839234947824,0.000373735680367553,0.0053476500437777
"Mtch2",3132.33758004629,0.141273287418586,0.0355602316290858,15.7808454720317,0.000374311306665114,0.0053503819661854
"Slc16a14",254.646328749866,-0.395343549373093,0.09956504026577,15.7688308101837,0.000376566686175704,0.00537709391307155
"Mgst3",2532.19894741952,0.184711242043861,0.0468182969134586,15.7648979058834,0.000377307915102157,0.00537856389439173
"Ago1",3072.1118648462,-0.147979203063796,0.0375697841021591,15.7641815625686,0.000377443080308192,0.00537856389439173
"Otof",682.693143460715,-0.400719624343196,0.101102139859865,15.7462298151684,0.000380846211917648,0.00542120048107441
"Acadvl",1251.23955040211,0.169414075458626,0.0470679430546049,15.7442956403518,0.000381214701645871,0.00542120048107441
"Eif4g1",12154.8229264226,-0.110106562954535,0.0281251603611345,15.7214452011862,0.000385595139401805,0.0054778929507664
"Fnip2",632.288116587864,-0.254799960328498,0.0644033947725655,15.7189290818586,0.000386080546364681,0.00547919208044896
"Pogz",2416.85921573732,-0.160040925391252,0.0421022931216635,15.7163875550607,0.000386571475253209,0.00548056684793235
"Sar1a",4718.70540973473,0.0997027415410711,0.0271697273925385,15.7119217125349,0.000387435623348223,0.00548722469401944
"Tti1",714.020206998699,-0.197029022828269,0.0501384462604538,15.7059938496691,0.000388585659442639,0.00549791388761772
"Sh3bgrl",2902.42803082593,0.151965357515281,0.0493573854148762,15.6941129588086,0.000390900901323039,0.00552505054430978
"C1d",1429.2796253278,0.166247009916699,0.053121009300259,15.6816130981344,0.000393351655268192,0.00555404550403047
"Pex2",815.979594950878,0.222649053569562,0.0601157856949174,15.6773764912622,0.000394185776580259,0.00556017827654994
"Gng11",174.946974693131,0.431454793686775,0.110180171594631,15.6528334366107,0.000399052840183404,0.00562312755954487
"Itga3",591.846403756132,-0.213322309891487,0.0581674717341514,15.6347875480994,0.000402669764831321,0.00566798523929079
"Ube2a",1399.78705303749,0.129990299309002,0.0362279577767464,15.6328934457608,0.000403051294338409,0.00566798523929079
"Ccni",8244.34221917059,0.105577491364737,0.0281575900385559,15.6222455746379,0.000405202835709254,0.00569248589802456
"Snw1",2613.64256709104,0.126736291037701,0.0380780049474805,15.6184670484494,0.000405969094076357,0.00569749562100299
"Xrcc2",179.804535694451,0.344855384268688,0.101311783707072,15.6145302435869,0.000406768991630012,0.00570296687055464
"Zfp518b",755.047654467707,-0.190242046143739,0.049131520472229,15.6074626555862,0.000408208972251103,0.00571739213098524
"Psma5",2196.23866379616,0.160333695939777,0.044112194306205,15.594904574648,0.000410780196871606,0.00574761667815925
"Sema3e",2078.52866856218,-0.133000590938548,0.0363109016566303,15.5916728713926,0.000411444493279033,0.00575112564072843
"Clec2l",2097.26340178524,0.17664237082688,0.0450188901717378,15.5822785677879,0.000413381656535478,0.00576708066331016
"Slc7a1",1974.84087946435,-0.241303209591571,0.0626896340825027,15.5811592766194,0.000413613068502457,0.00576708066331016
"Pcdhb21",134.406220393178,-0.442066084013582,0.114300461410519,15.5801109884284,0.000413829918175405,0.00576708066331016
"Sf3b6",1055.56360762186,0.202976152576788,0.0523825302221264,15.5469153255991,0.000420755916667579,0.00585773102003272
"Rpl11",3776.73294071973,0.203569610584778,0.052327558848519,15.532543519316,0.00042379031732828,0.00589407573340172
"Npm1",3268.02822970209,0.130179488315618,0.0418362344522126,15.5097833013945,0.000428640643590891,0.00595557849256954
"Lamtor5",1064.63617965175,0.213672112460578,0.054361447640462,15.5007771354722,0.000430575200435445,0.00597648691382851
"Tac1",518.702956014934,0.426510635481516,0.117929392001026,15.4890428027434,0.000433108882266985,0.00600566135051767
"Grip1",918.975299631826,-0.171976067306298,0.0437359639720405,15.4610900431346,0.000439204675836658,0.00608140168155368
"Mecp2",6126.7998045848,-0.16090644583191,0.0424787284403436,15.4599934849592,0.000439445548602347,0.00608140168155368
"Kcnj3",5912.00479210042,-0.203633956437221,0.0524592877473896,15.4524532160382,0.000441105444457793,0.00609830469335883
"Spon1",2104.99467486235,-0.229271870392239,0.0603233366422439,15.441953770437,0.000443427214760046,0.00612028937906461
"Hrsp12",826.520508700574,0.251420020593822,0.0797233731732386,15.4412838878226,0.000443575761726857,0.00612028937906461
"Tet1",1220.53752499981,-0.212006699040609,0.0544882965528264,15.4348495920939,0.000445005108518546,0.00613043474468853
"Ndufa7",1531.73751353834,0.240264188375794,0.0618587578288695,15.4340069880222,0.000445192629575454,0.00613043474468853
"Srrm4",1666.0905812625,-0.236838760985059,0.0611351946971551,15.4246014516742,0.000447291197977821,0.00615324033776018
"Bend4",423.295300040783,-0.243799733894446,0.062155395329749,15.4124038980269,0.000450027462621862,0.00618476477287041
"Sphk1",118.61795280097,0.449485281342771,0.115617424711783,15.3999382861509,0.000452841155956596,0.00621729002669727
"Btf3",2645.51833633095,0.18118986426108,0.0462688527650487,15.3914936021801,0.000454757248534475,0.00623743965741369
"Gbf1",4009.5464061141,-0.125563162525079,0.035243137492027,15.3822189226786,0.000456871009726428,0.00626025813130558
"Spcs3",3784.28138894582,0.166731640999941,0.0425371737970791,15.374949984304,0.000458534514481078,0.00627686813720752
"Slc6a1",17339.3227029764,-0.103706254596037,0.0283769749108207,15.3594096077411,0.000462111292114076,0.00631961047268689
"Ift140",1101.14411521669,-0.213893842777176,0.0549368354127805,15.3549140028215,0.000463151195323838,0.00632760984731232
"Anks1b",13338.484858268,-0.0991440009403433,0.0258218381368995,15.3428973090842,0.000465942345059097,0.00635324975630798
"Zfp35",778.434147794872,0.239619156924578,0.0655838256513409,15.3421804122131,0.000466109391300683,0.00635324975630798
"Cntnap3",387.297484062103,-0.378929244824046,0.0974006251400552,15.3409409986093,0.000466398331980906,0.00635324975630798
"Dgkq",1494.64551964029,-0.1868705010283,0.0479813412355439,15.3201769775054,0.000471265707236018,0.00641327148359936
"Scg5",8037.95597192513,0.194016339117607,0.0495903805708254,15.3098662568872,0.000473701525122689,0.00644011809521638
"Igf2",3922.79439124702,0.366227627069748,0.0938211184940015,15.298088365778,0.000476499357669395,0.00647182916647064
"Plekhg4",71.4348199870499,0.684950172214018,0.179301841978203,15.292865320003,0.000477745372938369,0.00648242209446521
"Taf1d",401.519044229763,0.178034699268427,0.0621977579554536,15.2889809881244,0.000478674135342759,0.00648869383464629
"Lrsam1",1217.89763175288,-0.17507091281631,0.0462157694020636,15.2813759505565,0.000480497767734653,0.00650707200939976
"Smarcal1",2691.06842226502,-0.116513761110113,0.0311304064091201,15.2789252740049,0.000481086900910891,0.00650871266329637
"Commd4",1021.60231248231,0.179539111473348,0.053616878109843,15.2660575730141,0.00048419212065488,0.00654435764243738
"Mgat5",2137.75701556992,-0.263343525531759,0.0706515551376782,15.2477922832928,0.000488634329017598,0.00659798664852112
"Cog7",1570.9120631539,-0.120505350703251,0.0360492141825229,15.2425802723706,0.000489909373412232,0.00660878716335336
"Trpc5",521.332092012404,-0.345984363030131,0.0890423257197306,15.2254022639347,0.000494135329484781,0.0066593354287542
"Ar",973.748864200263,-0.186681628367658,0.0525726450504146,15.2048672256019,0.000499235009179116,0.0067215493781831
"Nedd4",20039.7196474548,-0.1074174854753,0.027568944606861,15.1987588326822,0.000500762101810152,0.00673558927657214
"Setd5",5043.90949801548,-0.16232057002663,0.0427662310949979,15.1960332122116,0.000501445010759919,0.00673825817357386
"Acox1",7351.63250673855,-0.0976799855751374,0.0253756720639152,15.1843966173316,0.00050437107107239,0.00677103557574788
"Eif5a",8313.75152905912,0.120328980103683,0.0311537586898417,15.1822435254511,0.000504914342076954,0.0067717923525615
"Gm17066",1175.05706505974,0.223426836235274,0.0618385482683805,15.167764303108,0.00050858298935503,0.00681442410014428
"Cbln2",1553.01971239062,0.275355948813605,0.0709030824993978,15.1620110206616,0.000510048106445421,0.00682747744412216
"Coa6",407.866962328108,0.254019850450423,0.0666255925976961,15.1531222853246,0.000512319992568101,0.00685129466984341
"Hdlbp",10030.9587874409,-0.098301761546472,0.0259592320931516,15.1298316220465,0.000518321002846145,0.00692488809566204
"Sez6l",9899.18127336881,-0.167686257195717,0.0431123268418143,15.1224426282479,0.000520239479905634,0.0069438490273777
"2610507B11Rik",12072.7634067452,-0.0875529121399327,0.0235554042809192,15.1159323389917,0.00052193569386709,0.00695466882347506
"Cops2",3626.22709378235,0.144616744805501,0.0386943136211017,15.1154935929346,0.000522050205040838,0.00695466882347506
"Rbbp4",4102.84098379707,0.123785822349749,0.0324773490993692,15.1110984585031,0.000523198706949274,0.00696035588968835
"Rnf24",1996.82238103123,-0.110973542153024,0.0338760565549157,15.1100310417401,0.000523478017012799,0.00696035588968835
"Lzts1",1326.59233775068,-0.268181844174491,0.0719051948094139,15.1028637271418,0.000525357348257685,0.00697550605478688
"Ier3ip1",1306.11496418015,0.207591611157338,0.0542681201744751,15.1018620589913,0.000525620531019316,0.00697550605478688
"Rab1b",5302.76837302503,0.117685959885459,0.0315108235992592,15.0937333666959,0.000527761182026294,0.00699723786427234
"Glud1",8484.75096648494,0.115391861620663,0.0307251038297929,15.0891562351183,0.000528970381350471,0.00700659053697367
"Uqcrc2",7355.17685348853,0.122880192058369,0.0347732805385849,15.0854373605061,0.000529954883637846,0.00701295197110862
"Pja1",8518.65502507255,0.113501044590256,0.0320636544020767,15.0686937983033,0.000534410173250632,0.00706518696727166
"Vapa",5180.76986265166,0.101959148190821,0.0262696999269837,15.065804523043,0.000535182760216571,0.00706538974679696
"Stxbp5",5082.13951253223,-0.124708524863853,0.0329893315838702,15.0648377250685,0.000535441529560253,0.00706538974679696
"Rita1",741.274006167205,0.174966911863024,0.0464823143646018,15.0617205252263,0.000536276719380291,0.00706970295084463
"Nisch",15791.4351474605,-0.131348235301289,0.0341442041477221,15.0529492214758,0.000538633807285786,0.00708816592211855
"Xpo7",3776.17710588613,-0.11640968396619,0.0311986602154333,15.0527163286682,0.000538696532907629,0.00708816592211855
"Dhx33",1274.7286211151,-0.159659211109208,0.0481003567762471,15.0476475509452,0.000540063530920916,0.00709631488881482
"Hdac9",2545.5414505719,-0.164689923410167,0.0430187129977002,15.0466376138963,0.000540336314873087,0.00709631488881482
"Ino80d",1735.38190981117,-0.191829200985757,0.0500325382539917,15.0286260328189,0.000545224448260671,0.00715375625132964
"Blvrb",224.659651166855,0.410331786718376,0.114449381630864,15.0219312649466,0.00054705258184587,0.00716683351793923
"Zfp804a",711.033359147746,-0.214010114514013,0.0576051062963138,15.0212032850812,0.000547251739721848,0.00716683351793923
"Magee1",5580.9204417204,-0.138223840429715,0.036761408756323,15.0175499582908,0.000548252298006129,0.00717318246535206
"Klf7",390.646554586147,-0.352611405808002,0.0919751790251295,15.0109627477549,0.00055006100160582,0.00718630386689278
"Lppr4",12693.5602239112,-0.143304434231826,0.0369821921484219,15.0101354404225,0.000550288583422549,0.00718630386689278
"Cep83os",955.72055359837,-0.237846812133072,0.0614583958669252,14.9838629632935,0.000557564993226311,0.00727449711612714
"Ddx41",1288.47373066923,0.155651189057429,0.0402262403692495,14.976764883858,0.00055954732914621,0.00728998517842423
"Dnajc13",2953.64167491478,-0.141880681378768,0.0369439288831025,14.9758604794184,0.000559800414909195,0.00728998517842423
"Ptprk",3371.80969590256,-0.0823875783396389,0.0393746794470521,14.9477431174869,0.000567726051808108,0.00738628056926769
"Pfn2",16739.8359942934,0.0840804730577504,0.021757160773226,14.9413427999284,0.000569545775466338,0.00740303050951947
"Ddhd2",2131.14964639247,-0.134895083231223,0.0370416256809326,14.9099217532605,0.000578564294996754,0.0075132326935713
"Rnd2",1999.86552262833,0.204572291498455,0.0577117408537233,14.8813379132321,0.000586892460604209,0.0076142727071673
"Msantd4",2337.15467550349,0.14594849627596,0.0420833058629941,14.8560622665874,0.000594356569531843,0.00769921749411385
"Sel1l",7488.03895615788,-0.168511725883152,0.0455746145575384,14.8554215949732,0.000594546993721475,0.00769921749411385
"Suv420h1",2275.46981520906,-0.135847528321042,0.0356727661940097,14.8085551281146,0.000608643672538767,0.00787443367225039
"Usp49",496.907157707041,-0.234889911574936,0.0631223460392412,14.7980161210417,0.000611859387693751,0.00790677445172519
"Ttc9",1325.99875759798,-0.178474440658792,0.050853764267455,14.7966403548213,0.000612280420226347,0.00790677445172519
"Epb4.1l4b",193.314801460062,-0.375256958500232,0.115219543975689,14.7915544688757,0.000613839395771203,0.00791955316918914
"Zcchc17",2034.151885138,0.166514890630471,0.046268565648454,14.7863517958427,0.000615438277319524,0.00793282257734934
"Ndufb2",1089.91567450287,0.238576763230636,0.0620840874905043,14.7712677532257,0.000620097473714999,0.00798547746706316
"Anapc1",3459.8305609769,-0.156678187720705,0.0407972465018871,14.7644183364088,0.000622224767348306,0.00800528020906963
"Rpl7l1",1505.97278621525,0.123449178634883,0.0338054184720058,14.7626139252228,0.00062278639532739,0.00800528020906963
"Mthfr",1141.720454653,-0.199484075396611,0.0519511457475289,14.7510116354941,0.000626409769122834,0.00804079554138145
"Fasn",11933.3638312792,-0.128550151184667,0.0353896705463825,14.7500671277629,0.000626705663420872,0.00804079554138145
"Cdh20",1104.47554687796,-0.195241070902346,0.0551479503028985,14.7357535801284,0.000631206942208316,0.00809108401127489
"Lifr",1964.95380519067,-0.198191469808122,0.0531231107754718,14.7218493074419,0.000635610468151749,0.00814002798439644
"Invs",534.007045998556,-0.193344299630938,0.0657195487431252,14.6935330592616,0.000644673526593661,0.00824849991523885
"Psmd13",2355.56758024252,0.140914527482136,0.0374401720380721,14.6811768972477,0.000648668700410176,0.00828922352054505
"Tank",1106.22509153755,0.15926798010006,0.0504271910999124,14.6787236114989,0.000649464873459549,0.00828922352054505
"Cdk12",1303.39598961309,-0.190024461308134,0.0498395243651868,14.6781709934335,0.000649644351265035,0.00828922352054505
"Firre",1331.41124475511,-0.22468294030662,0.0651793911248497,14.667186255011,0.00065322225448667,0.00832059281999035
"Rasgrf2",5762.93923773172,-0.19592157971248,0.0528206136437332,14.6664533446208,0.000653461675041132,0.00832059281999035
"Dennd4b",1663.05944285981,-0.174662915919522,0.0473445960263417,14.6651195584718,0.000653897609451355,0.00832059281999035
"Sgip1",7061.70414956019,-0.144284850194511,0.0379047654650473,14.6554363887051,0.00065707118660481,0.0083533327818096
"Cdc16",1732.39692018306,0.154523224258387,0.0404215002045085,14.643981401859,0.000660845355450817,0.00839364128183558
"A930013F10Rik",164.276077309513,-0.583594308345911,0.152843173133954,14.6347719783772,0.000663895374658365,0.00842468692586545
"Usp2",2102.65147114015,-0.186615637485504,0.0492080385272563,14.6245706717304,0.000667290325681192,0.00846004908803466
"Stard5",303.789033751666,0.310022930110918,0.0812254067927558,14.5652327638012,0.000687384747895998,0.0087068734733493
"Yaf2",3767.65009794662,0.12784028469296,0.0336107655905289,14.5418951779372,0.000695452678143145,0.00880105172667413
"Fam120a",6569.91329320211,-0.115187304590259,0.0315382921411173,14.537013277246,0.00069715231712146,0.00881454038775024
"Ndufs8",1821.24033700677,0.180651849188902,0.0501123200729098,14.5332082786292,0.000698479911395821,0.00882330482079299
"Eif1",8739.30550062251,0.0959450935800793,0.0311019501304859,14.5280952826953,0.000700267858336802,0.00883786331556102
"Grm7",2427.40771890452,-0.137974899155936,0.0367948809136495,14.5238152689953,0.000701768040978538,0.0088487669210603
"Golga7",4175.44330720456,0.13290770393899,0.0367653055735671,14.5179370543307,0.000703833646604707,0.00886677387407452
"Adar",5883.32150900045,-0.202274932379305,0.0536693180472486,14.5082818076644,0.000707239705308828,0.0088948720580035
"Chrm3",2108.05989159385,-0.145903776181578,0.0425761347240936,14.5079893051983,0.000707343147551903,0.0088948720580035
"Jtb",952.667613079865,0.193494583319387,0.0541113342050317,14.4732616234216,0.000719732594324312,0.00904249405768972
"Polr2m",5592.23852562623,0.0834517451438365,0.0262483109849584,14.4708350713171,0.000720606358596481,0.00904530075393489
"Ldhb",15584.4236696567,0.165907781451752,0.0448329060767083,14.4619269574574,0.000723823138884917,0.00907748621786422
"Ndst1",4516.94551065319,-0.147540101280619,0.0389111188568229,14.4598947374801,0.000724558996599251,0.00907852840063278
"Rab2a",9209.17023543291,0.14563564882123,0.0383412648170611,14.4447368347199,0.000730071256194657,0.00913936186422619
"Taf9b",1183.07869298129,0.163007001085297,0.0564336602250202,14.4361078957109,0.00073322793115785,0.00916463014849078
"Tomm22",1776.24702121563,0.152951385326832,0.0403076210269399,14.4354144507271,0.000733482201851418,0.00916463014849078
"Immp1l",482.126016746249,0.283223620260896,0.0750373951804542,14.4338216518397,0.000734066579336981,0.00916463014849078
"Mllt4",4209.21126031791,-0.169595130654962,0.0461964168231525,14.4117367511352,0.00074221739274801,0.0092580802675689
"Tbl1x",1102.53165269264,-0.21215142048866,0.0564631081300194,14.404054794728,0.000745073715601171,0.00928538103636298
"1700084C01Rik",465.315707597908,0.282837805424973,0.0745392809564414,14.3899707407497,0.000750339062413422,0.00933455130354071
"Ddx5",25176.2188769993,-0.107208251656471,0.0284712383343521,14.3899108171876,0.000750361544244932,0.00933455130354071
"Wasf3",2651.59001023317,-0.152195208197644,0.0402585685246681,14.3855852962582,0.000751986152713254,0.0093464016192457
"Lpcat1",789.469507773037,-0.179263382272829,0.0497308188755786,14.379209697316,0.000754387158702721,0.00936787196717629
"Ubl4a",1932.63891550052,0.085537690591613,0.0378837976701495,14.3751663892992,0.000755913811187562,0.00937845609812366
"Ppp2r3c",969.055300182863,0.201511107496011,0.0537118387125496,14.361676889891,0.000761029493246053,0.00943350997510348
"5730405O15Rik",52.364586018724,-0.6277198039079,0.172643881783945,14.3561716973703,0.000763127185909166,0.00945072827234888
"Zc3h4",2330.01229480687,-0.157832860501358,0.0427815761912051,14.354467874526,0.000763777579675018,0.00945072827234888
"Eps15l1",1780.87005961941,-0.151812797826766,0.0422428080190931,14.3478681979601,0.00076630208511116,0.0094735372442009
"Nit1",763.681347088617,-0.154004510682997,0.0571778055568929,14.3364163687428,0.000770702451453321,0.00951703546609371
"Zfp451",1103.66471567481,-0.155152723369634,0.0428455803137257,14.335153716765,0.000771189169563388,0.00951703546609371
"Meg3",59539.2013909336,-0.410092666442228,0.109635648423837,14.3239236082558,0.000775531618725493,0.00956213985215794
"Rhoc",415.780755473288,0.22819147618606,0.0749295587577338,14.3139255281975,0.00077941823892234,0.00960154904068371
"Slc25a44",3832.84302012178,-0.10441961605809,0.0283328027890216,14.3115742595945,0.000780335088573574,0.00960433664768254
"Scn3a",2264.06235952699,-0.212211889653914,0.0560784682721542,14.3083185979425,0.000781606376525505,0.00961147788215448
"Nrsn1",14470.6677440202,0.117507486320106,0.0356928618649803,14.3007125051015,0.000784584521279916,0.00963957731622003
"Pcdh1",4140.23519183303,-0.26087443137333,0.0696186794405979,14.2970014893604,0.000786041675496747,0.00964895641907216
"Nsun2",2186.67804141771,0.124077102841706,0.03649550864442,14.2788999368813,0.000793188255077787,0.00972809722365243
"Nrp1",1331.7868095319,-0.203550760338792,0.0603896038116826,14.2707956084981,0.000796408905016451,0.00975899123433374
"Tmem196",1218.34434832101,-0.210570474259009,0.0683947887888208,14.2195518730555,0.000817078048940841,0.0100034520287581
"Rac1",8947.22116435939,0.0711638919895488,0.0231134409237341,14.2102673052743,0.000820879975187412,0.010040926604591
"Ldlrad4",1383.59337557732,-0.190768557723408,0.0551611617313908,14.2074322423016,0.000822044423524827,0.010040926604591
"Arl5b",773.001225147633,-0.260115941820222,0.0715036083184087,14.2067988147276,0.000822304817560334,0.010040926604591
"Shank1",19461.5425918946,-0.159105920565764,0.0424575297757109,14.2019999534784,0.000824280249931044,0.0100562190491587
"Bnip3l",5100.09674458419,0.116188433426956,0.0342723269025876,14.1879142062087,0.000830106042651053,0.0101133774129848
"Hipk2",1231.63687937695,-0.27429912811203,0.0760802744797405,14.1859716170424,0.000830912711847002,0.0101133774129848
"Mrpl48",1002.44130075888,0.237786063574967,0.067932278058487,14.1840163709325,0.000831725428471304,0.0101133774129848
"Pnma3",546.497672330684,-0.238062337163258,0.0646782377732103,14.1836591127187,0.000831874012112063,0.0101133774129848
"Trpm2",1101.62524812251,-0.205262090147432,0.0568458216455849,14.1798786393073,0.000833447937981858,0.0101236628134949
"Thada",480.097327545627,-0.260525451686959,0.0712166714473529,14.1678494932706,0.000838475876757108,0.0101758485985496
"Pop4",1031.89879428245,0.2932067668377,0.0785883699303467,14.1504325966856,0.000845809586844722,0.0102528443821214
"Apc2",5640.74159140659,-0.193286161239995,0.0513841529674524,14.1482578885219,0.000846729781549487,0.0102528443821214
"Prr12",2523.3304140095,-0.228765775483359,0.0608409564965338,14.1472587951446,0.000847152868275025,0.0102528443821214
"G0s2",115.48135022929,0.414437849514551,0.112711107758945,14.1458047659392,0.000847768984716682,0.0102528443821214
"Pcnxl3",2279.19972272948,-0.155644930288744,0.0420323974946158,14.1436747928972,0.00084867232819725,0.0102548520769482
"Naa25",1634.41965559965,-0.145503272764977,0.043638898107532,14.1371265343915,0.00085145554491239,0.0102721598661242
"Bccip",1127.33260600656,0.158987534945169,0.0424869196397433,14.1358778839463,0.000851987296060595,0.0102721598661242
"B3gat1",8030.32161088361,-0.106600785300328,0.033302956078796,14.1337587989544,0.000852890491209071,0.0102721598661242
"Tox",735.78031263887,-0.224287379089843,0.0684604332184938,14.1323122878197,0.00085350757213191,0.0102721598661242
"Zfp85",142.826323220671,0.289666398608616,0.103657043032518,14.1316328255203,0.000853797584500979,0.0102721598661242
"Iars2",1834.59066721086,-0.138743220332796,0.0371106651815864,14.117256971143,0.000859956728593524,0.0103373190849427
"Rtn3",51894.8912463497,-0.0766169984744209,0.0206000153057444,14.1103302609584,0.00086294022758465,0.0103576227802172
"Itpr2",1321.99229518894,-0.20504897651521,0.0548520541529659,14.108279732476,0.000863825423044401,0.0103576227802172
"Med12",1044.68961568897,-0.190569004017686,0.0548475934454473,14.1081534777549,0.00086387995578458,0.0103576227802172
"Mlx",1212.75516703844,0.17651352655554,0.0480055243532179,14.0957438260739,0.000869256844535637,0.0104089168286751
"Dopey1",2586.36253054937,-0.129444648255999,0.0345863207169948,14.0948280170494,0.000869654972312371,0.0104089168286751
"Mnt",1579.98139148223,-0.241075477967811,0.0643100618523432,14.0877089557117,0.000872756051777065,0.0104299480693104
"4921524J17Rik",458.794999742296,0.262976971703974,0.0709445799615575,14.0870881021664,0.00087302702067736,0.0104299480693104
"Nr1d1",2988.54100897892,-0.347842276293446,0.102356328499194,14.0856342321658,0.000873661885299587,0.0104299480693104
"Tceal1",785.080922424813,0.149544036997895,0.04853338452265,14.0750654584056,0.000878290872611875,0.0104762173724579
"Ywhab",22203.7524143565,0.0876778737597686,0.0237647757489535,14.0497527756716,0.000889477463044096,0.0106005591739651
"Ssbp2",4753.95143863726,-0.121004826337931,0.0327956348784073,14.0448986880314,0.000891638885696638,0.0106106416112051
"Hsd17b7",1043.13575099608,-0.190588863558641,0.053304487152772,14.0444267750614,0.000891849298497177,0.0106106416112051
"Pcbp4",4522.01837715687,0.119169426690747,0.0327265324016238,14.0309308586758,0.000897887811179652,0.0106684907712321
"Ppib",2520.54560195239,0.156845980578136,0.0422557338120643,14.0301335983961,0.000898245807672765,0.0106684907712321
"Smarce1",1868.84499551038,0.109455058176838,0.0369942200434964,14.0193455830825,0.000903104043337912,0.0107158062885863
"Car2",4404.89230718482,0.181534206332166,0.0490787084832452,14.0178700975542,0.000903770547635299,0.0107158062885863
"Ak6",281.300677317579,0.378340570489926,0.102586811459644,14.0075769244346,0.000908433870793785,0.0107619235732538
"Psph",531.176852402849,0.26274834774279,0.0753449787692971,14.0043607831512,0.000909895871816729,0.0107700696044486
"Iars",2215.91364063061,-0.141470340126283,0.0382927786631908,13.999480614081,0.000912118805632388,0.0107820556870354
"Pnisr",6290.72129309292,-0.220650661255153,0.0599132834908182,13.9981632989514,0.000912719777479313,0.0107820556870354
"Prkaa2",2690.69396805694,-0.157086674759191,0.043206106530138,13.9970363321344,0.000913234224858187,0.0107820556870354
"Arsb",5323.97841505172,-0.14341025404525,0.0383304244025564,13.9936134086296,0.000914798528546166,0.01079136381257
"Mbd5",2653.73497297754,-0.175573796511011,0.0472489033529724,13.9894633902117,0.000916698714687322,0.010802013264143
"Tjp1",4729.75551227618,-0.122595348889922,0.0412199487682286,13.9882508516172,0.000917254649478922,0.010802013264143
"Neo1",4837.81800968383,-0.189752406533532,0.055930444975742,13.9830924377899,0.000919623492567457,0.0108174228936264
"Pde5a",538.140155532123,0.114406648910912,0.0666001045052531,13.9820156859383,0.000920118729016397,0.0108174228936264
"AU040320",2633.84273542406,-0.120183819067111,0.033914125188308,13.9709327184665,0.000925231705642638,0.0108683467585117
"Pcnxl2",4308.62907676111,-0.165230929577813,0.0449562661629058,13.9667590298197,0.000927164536232191,0.0108818602277783
"Kdm3b",2157.76043719177,-0.129995724263189,0.0349269750509498,13.9601599635536,0.000930228798877319,0.0109086190006625
"Plrg1",1097.62308499863,0.153725742459358,0.0478552782137223,13.9547664337331,0.000932740792866894,0.0109288617920748
"Dyrk1b",854.288549070091,-0.23453751057123,0.0680051634707162,13.9468455291213,0.000936442193062191,0.0109629949672634
"Pole4",911.217529297715,0.183807000875707,0.0530775218692503,13.9398059728675,0.000939744069337517,0.0109923974065149
"S100b",3162.27359804265,0.18210998503028,0.0487875375817361,13.9335857774855,0.000942671314847893,0.0110173719721887
"Pkig",2019.83081023135,0.151995282952481,0.0422506243157504,13.9285171846962,0.00094506335314921,0.0110342939352148
"Zc3h14",3401.04252224479,0.11695665472954,0.0329501337236787,13.9265899827462,0.00094597445601706,0.0110342939352148
"Ptar1",338.18746437654,-0.38795205810018,0.112693512489043,13.9253558985056,0.000946558342223786,0.0110342939352148
"Hrk",2282.20359652347,-0.206547450302111,0.06294070546481,13.9238048492352,0.000947292706258731,0.0110342939352148
"Ostc",1285.33877211315,0.167294936473513,0.0514891951187708,13.9046139725294,0.000956426144618129,0.0111313596814635
"Rpl32",2602.94307341517,0.230197077378702,0.0619458742044245,13.8991793455401,0.000959028588514176,0.0111523157266347
"Psd",14658.6228925279,0.12240149483325,0.0338986986264055,13.8913108211177,0.000962809090315771,0.0111869246684309
"Mospd1",521.805089764267,0.222811789731435,0.0608521106422537,13.8828288971811,0.000966900997729383,0.0112250910487648
"Tfdp1",1977.85557238983,0.124664997510177,0.0388589253695621,13.8776329280004,0.000969416257510222,0.0112449051788592
"Cenpv",465.666645588552,0.177752900284382,0.0586830282949894,13.8750396753483,0.000970674043413537,0.0112458618505166
"Urod",1071.23794602442,0.160348523525233,0.0450587829355987,13.8741294491144,0.000971115910445098,0.0112458618505166
"Dennd1a",2049.8523202707,-0.132077945012179,0.0368566443640776,13.8602852517802,0.00097786139009788,0.0113145559180377
"Ndufa9",3206.10653381794,0.126961163664064,0.0355981926070337,13.8569661263427,0.000979485559737882,0.0113239278178175
"Cdh13",2706.698676307,-0.19310398665633,0.051910386361218,13.8287802759764,0.000993387103072323,0.0114751061707059
"Acly",6392.65800247825,-0.0880820090347272,0.0287286945233103,13.8228800985947,0.000996322010120262,0.0114989716283906
"Cxcl16",38.0745307907389,0.410557290090226,0.194701109892898,13.8213055741406,0.000997106685636978,0.0114989716283906
"Trappc2",1069.18128882185,0.168315892659203,0.0535222720119191,13.8069047293471,0.00100431218513679,0.0115724721382622
"Bcl7a",3687.28408352078,-0.141843619400182,0.038339434081487,13.8035367492945,0.00100600486166503,0.0115823804768521
"Hr",2812.114706401,0.242311972331884,0.0658650532107114,13.788112251296,0.00101379341668606,0.0116623977165175
"Tspan12",619.561988315401,0.201636499195251,0.0569193084302542,13.778316021959,0.00101877127419739,0.0117099759351547
"Lrpprc",2603.08719467324,-0.131147907906949,0.0356494007740449,13.7765378553825,0.00101967744948478,0.0117107134330589
"Sec22c",1601.40796219242,-0.15571317962602,0.04443592489831,13.771981301054,0.00102200320568548,0.0117277397563314
"Rabggtb",1522.06739461127,0.188906726265725,0.0509123391526352,13.7672320611975,0.00102443295859253,0.0117459304106388
"Mob1b",677.98344456369,-0.254421261514077,0.0689123080603204,13.7616660212107,0.00102728794690024,0.0117607370745546
"Setd2",3482.95698396081,-0.141343555048581,0.0383277293242551,13.7614175988423,0.0010274155554777,0.0117607370745546
"Irgq",6071.50934619222,-0.144792829889374,0.0394728146010888,13.7450443768615,0.00103586113010401,0.0118476616755646
"Sfxn5",6005.39233748727,0.178478540365809,0.0489211853521739,13.7368023306065,0.0010401387458008,0.0118868115666373
"Ybx1",3861.28504562648,0.129173786859216,0.0423649467689052,13.7345143887752,0.00104132931513274,0.0118906470565404
"Ap2b1",17976.9350854342,-0.0804610697261223,0.021952296643554,13.7164981946917,0.001050752087562,0.0119884003558755
"Prps1l3",496.894564669661,0.16678869416737,0.0531972317221189,13.7048437186142,0.00105689294483754,0.012048579571148
"Xkr6",59.8000025757986,-0.550072686392382,0.165987110502116,13.6983980732434,0.00106030461805215,0.012077572995798
"Srsf7",3948.7995372908,0.155538632268104,0.0423425043407668,13.6906876721749,0.00106440019454392,0.0121143027051693
"Abca2",10543.7067456756,-0.146304604105498,0.0404759493827835,13.6842322571924,0.00106784131750719,0.0121435298805315
"Cry1",612.78127427726,0.298452467164806,0.0808020445100924,13.6788891274669,0.00107069793897579,0.0121660677575779
"Cmtr1",129.418420048315,-0.41448554513179,0.116149705020126,13.6731358386597,0.001073782390518,0.0121911554998566
"Itsn1",5641.38819524277,-0.154004586609187,0.0420698305653725,13.6653903613496,0.00107794893184418,0.0122284777684248
"Uap1",2476.27391304964,0.123387704469284,0.0344748008256488,13.6601005841544,0.0010808037603703,0.0122508709855177
"Plxna4",5200.61380150013,-0.205894533175613,0.0561906244748443,13.6533627503687,0.00108445103865561,0.0122822028058813
"Msra",1039.62219029519,0.170346752708565,0.0527354663932272,13.6494081301161,0.00108659745604291,0.0122924277703099
"Dnaja1",10130.5872358896,0.13477755826903,0.0389122829805185,13.6471298456245,0.00108783595038595,0.0122924277703099
"Ndufaf5",845.684388073807,0.197108955018447,0.053667985481874,13.6468184031083,0.00108800536275895,0.0122924277703099
"Ngdn",428.173071319324,0.19315602507151,0.0626748132553617,13.6243957257575,0.00110027199355094,0.0124209276674566
"Ttc17",1484.29377634476,-0.146067792184881,0.0397180599736252,13.6225301655119,0.00110129878420667,0.0124224359211244
"Rnf150",3048.23973594204,-0.198262817549234,0.0545458564168538,13.6203300885099,0.00110251092184723,0.01242603071398
"Mtmr12",1395.59353165286,-0.177736525494239,0.0614338120119022,13.6120283190533,0.00110709682879655,0.0124676135181397
"Dvl3",1915.23350238374,-0.162122606457246,0.0470571014400296,13.6102583964061,0.00110807700031447,0.0124685557608201
"Psmb4",3158.43939821413,0.140445716345221,0.0392929889525967,13.600832429344,0.00111331167474581,0.0125173312630272
"Abca3",5357.25726903594,-0.141227389570777,0.0384728978521407,13.5938861695405,0.00111718507332794,0.0125411640325392
"Tmem130",5487.47884622463,-0.125497279339838,0.0372974158486764,13.5937970680453,0.00111723484586684,0.0125411640325392
"Clip1",4949.18339919361,-0.133656573884315,0.0363274999106352,13.5887189860028,0.00112007515527604,0.0125629074674026
"Usp11",4420.42831234063,-0.143159821860068,0.0390324282297885,13.5827317283616,0.0011234332685065,0.0125831126048002
"Pcdha3",207.583778175477,-0.370731663469451,0.105705955430256,13.5819977061636,0.0011238456566559,0.0125831126048002
"Kcnk2",2042.26082045924,-0.0791888918320968,0.0717669957524983,13.5800750185404,0.00112492657820852,0.0125831126048002
"Ptch1",1127.56356348865,-0.220380935848815,0.0655283572735225,13.5784494791121,0.00112584125612279,0.0125831126048002
"Atpif1",3738.82212219115,0.206035736286838,0.0563967826423393,13.5774566353568,0.00112640028709924,0.0125831126048002
"Rnft2",4884.00990983873,-0.141431123384235,0.0384372305716002,13.5712402982591,0.00112990677560074,0.0126121536396911
"Pde4b",4881.58258961808,-0.136466477635325,0.039483018718372,13.5655443805332,0.00113312929023303,0.012626168231763
"Acat1",3376.47470055039,0.134328674192102,0.0387605360890517,13.5652618174572,0.00113328939179133,0.012626168231763
"4931406P16Rik",1614.4008563451,-0.158165228865187,0.0435466533791753,13.5642095157897,0.00113388582984412,0.012626168231763
"Ctgf",1308.38712552723,0.280543584222857,0.0762673579967466,13.5468101203783,0.00114379332742642,0.012723051377237
"Rpl23a",4239.01590424938,0.23512553535117,0.0640104998974719,13.5452883044272,0.00114466398009291,0.012723051377237
"Gnl3l",8861.46664959496,-0.113314346970172,0.0307873770112319,13.5431955796149,0.00114586234029956,0.012723051377237
"Fzd1",621.43646044017,-0.122356773272028,0.0612938933471115,13.5425267998457,0.00114624556914567,0.012723051377237
"Prpf4b",3676.17136409574,-0.157572644279456,0.0450224967490445,13.5389732539252,0.00114828399765477,0.0127355134285347
"Ldha",12725.41624694,0.120400034670334,0.0346785476557991,13.5323078858407,0.00115211724937021,0.0127534007213997
"Tra2a",2108.215026312,0.195554829248669,0.0586352341391096,13.5321771606814,0.00115219255718685,0.0127534007213997
"Cacnb3",8574.74186229197,0.135768320864257,0.0369904487330356,13.531387208465,0.00115264773560536,0.0127534007213997
"Cd63",983.34464931313,0.163832340576236,0.0501268744944528,13.5045338052581,0.00116822835691439,0.0129155166835972
"Eif2s1",1744.77382476387,0.129957151987816,0.0470823905383144,13.4923405649089,0.00117537235648186,0.0129614007673563
"Stxbp1",41701.3956852239,-0.128530184435462,0.0353357811694745,13.4907499022855,0.00117630753876043,0.0129614007673563
"Nf1",4858.30000083085,-0.174530391084692,0.0490816232246661,13.4902699932754,0.0011765898329212,0.0129614007673563
"Nsmf",18777.1552886091,0.10490455100471,0.0296589860148425,13.4897472968119,0.00117689737277929,0.0129614007673563
"Nudt19",1988.58174530354,0.17111116256838,0.0465927422137842,13.488544006947,0.00117760566016704,0.0129614007673563
"Iqgap1",930.089190491915,-0.205374381288171,0.0559744756712806,13.4879248568373,0.00117797027393862,0.0129614007673563
"Tbck",1122.97766261869,-0.196455916403183,0.0542391398318043,13.4851637015682,0.00117959767647229,0.0129690470232226
"Igf1r",2503.39758931449,-0.170650277702345,0.0495702242153553,13.4742330346844,0.00118606222045444,0.0130202470973409
"Psma6",2133.13313587609,0.130880975746153,0.0367790842715012,13.474123953796,0.00118612691057887,0.0130202470973409
"Taf12",486.683219283795,0.202679711215543,0.058719091268098,13.4682107857942,0.00118963898373701,0.0130485007774561
"Rpl27",2262.84820443533,0.170018277123917,0.0479531472604346,13.4629144273416,0.001192793536047,0.0130727915676452
"Fat4",792.139131248368,-0.295959232125057,0.081707417826739,13.4534143456204,0.00119847283184658,0.0131246930278128
"Kcnd2",3725.1217390536,-0.120885520111878,0.032967859802115,13.4458971043831,0.00120298591270956,0.0131637514350626
"Pde4d",4019.78674555637,-0.124532135216906,0.0415902465581697,13.4345396578483,0.00120983677045456,0.0132283095939324
"Arhgap15",441.619966400203,0.302308073826202,0.0848601175589017,13.4127436196029,0.00122309370064699,0.0133537190253798
"Blvra",470.454861853557,0.213044854494096,0.0607123706419099,13.4110930250022,0.00122410353322496,0.0133537190253798
"Pin4",280.965748398514,0.254095637153921,0.0804447788411536,13.4109567795736,0.00122418692532062,0.0133537190253798
"Tceb1",2372.0647630022,0.15239379728991,0.041769654059084,13.3837710208165,0.00124094075899211,0.0135258652633717
"Pcgf5",271.502924726148,-0.291360204326841,0.0816741578941056,13.3719633429988,0.00124828874264152,0.0135953013568193
"Bsg",13062.514805481,0.123819658488103,0.0343140165607346,13.3560588897843,0.00125825499201067,0.013693122401318
"Hspbp1",2307.29061588141,0.150445958651771,0.0411966618814275,13.33412163155,0.00127213229270287,0.013833319723934
"Fam8a1",904.022112286062,-0.174201494039301,0.0501395237434799,13.3167653300944,0.00128322008968599,0.0139429882869944
"Nipa1",1658.73547833305,-0.166685616566891,0.0457573504941937,13.3073085325948,0.00128930203355011,0.0139981363642583
"Alg2",4491.7854468229,-0.105012381172164,0.0298064482694959,13.2810687638116,0.00130632897871362,0.0141719371575266
"Bzw2",1422.24168692679,0.179686391388664,0.0500397793039484,13.2722240503826,0.0013121188243893,0.0142236544112287
"Atg9a",6716.77824653245,-0.143138983717145,0.039306334953735,13.2687604352937,0.00131439313043039,0.0142372115716712
"Mmp14",469.886688853771,0.288334713873175,0.0791618525474086,13.2540584122699,0.00132409084981689,0.0143310938048664
"Med23",1450.0683525259,-0.174456407820731,0.048825893493584,13.2478321046159,0.00132821937134019,0.0143645995463448
"Smo",442.822818490084,0.216454712505293,0.0683433717153211,13.2446333221932,0.0013303454134628,0.0143764133725257
"Stxbp5l",7641.38123174802,-0.170399119754086,0.0473727387399953,13.2346313568563,0.00133701511143989,0.0143995830724539
"Sorcs1",2429.71526066976,-0.151827727778851,0.0502147236274136,13.2341916585084,0.0013373090854215,0.0143995830724539
"Fads6",156.583060749804,-0.38864113056164,0.108561633181314,13.2341188764858,0.00133735775233702,0.0143995830724539
"Akr1a1",8874.25956262195,0.11465429427317,0.0318100512462048,13.2337863588882,0.00133758011831514,0.0143995830724539
"Mtmr3",3840.00023539137,-0.0921804188348214,0.0257126378785453,13.2336576698127,0.00133766618705856,0.0143995830724539
"Wbscr17",2081.12969584869,-0.167948313291352,0.0486173159139725,13.208413821514,0.00135465711171762,0.0145712073548094
"Agtpbp1",9030.09474387079,-0.101148255324052,0.0289236966189869,13.2056305827766,0.0013565435911184,0.0145793553201296
"Mdga2",1946.86212108713,-0.157199970702287,0.0445842320163684,13.2042045781994,0.00135751115470002,0.0145793553201296
"Slmo2",1529.78263831081,0.139658372758956,0.0389127101429981,13.2005269976487,0.00136000962939146,0.0145879713947763
"Tor2a",695.296904237095,0.169437993659017,0.0469556011021309,13.1988240641878,0.00136116812548441,0.0145879713947763
"Ap1s2",956.966769853663,0.209781629984313,0.0577757430101419,13.1983951255498,0.00136146008559244,0.0145879713947763
"Nwd2",3274.63089452104,-0.225237332129503,0.0620043884060176,13.1885970589825,0.00136814628845863,0.0146483283909797
"Fam217b",1250.2465835861,-0.160331369977099,0.0507182773908871,13.1656982393879,0.00138390077365352,0.0148056091999793
"Ftsj1",705.156954961557,0.231926241785043,0.0640354497216924,13.1588663898213,0.00138863615785741,0.0148448514092858
"Tgfbrap1",2262.7186713622,-0.128655327211888,0.0354794054782325,13.1559616892183,0.00139065440924918,0.0148550088508738
"Chd9",2766.27943258234,-0.176219214278067,0.0517684648776865,13.15249785312,0.00139306499558715,0.0148693384179785
"Ets2",2642.94790097284,-0.166804618851085,0.0461793333382625,13.135923800011,0.0014046573288428,0.0149815752527191
"Gt(ROSA)26Sor",334.027199000899,0.233673897795577,0.0705885631896175,13.1321773174233,0.0014072910569889,0.0149946364651522
"Gtdc1",2372.83494963206,0.200228152806447,0.0552388538182534,13.1311157882084,0.00140803819553414,0.0149946364651522
"Impa1",2729.58088198495,0.138668793447574,0.0385817147484684,13.1093958250631,0.0014234127972314,0.0151467675469735
"Tango2",2845.60987842803,0.128020515903817,0.0392569083827323,13.1019194695511,0.00142874372505762,0.0151918713517595
"Hipk3",4430.23620699783,-0.108056582993933,0.0306360730730647,13.0917905074039,0.0014359979244849,0.0152573408202719
"C030023E24Rik",638.232682983497,0.354658013589333,0.0982425048646628,13.0857122512953,0.00144036874443966,0.015292098089822
"Cyhr1",4415.98105759805,0.0903755645759337,0.0260660296473037,13.0820324209502,0.00144302134027397,0.0153085742185586
"Dstn",5981.23514490954,0.140760072496226,0.0418679436238779,13.0665578139461,0.00145422973982147,0.0154157219675587
"Dis3l2",1048.47703649882,-0.162712656095956,0.0468883125310463,13.0626237928745,0.00145709304018895,0.0154332705146268
"Pgm2l1",25973.4275616879,-0.132851719599888,0.0393454495047469,13.0612359419522,0.00145810450504887,0.0154332705146268
"Fbxl3",2882.47726539245,0.126055295065549,0.035190111703253,13.058065959389,0.00146041742046823,0.0154459965656823
"Pgk1",13174.3164370509,0.104182170019867,0.0302709739702078,13.0453741798436,0.0014697145364775,0.0155325150253261
"Ncoa2",4296.93036568339,-0.129695503496586,0.0435705681268174,13.0367691261532,0.00147605164574095,0.0155876433477336
"Fpgt",1138.31940599889,0.2125460820846,0.0598447960702207,13.034297939288,0.00147787657266228,0.0155950738790493
"Fam174a",1207.40049056147,0.176063410609459,0.0534519875063218,13.0311291105403,0.00148021999753455,0.0156079603682415
"Fam69b",1804.76079212193,0.143774175711046,0.0399648570129467,13.0264437943209,0.00148369171184804,0.0156327154002898
"Itsn2",1789.22899239166,-0.183944146834503,0.0509891716321195,13.0188476461057,0.00148933759788226,0.0156803234756597
"Dcun1d2",1743.16837208812,0.147614482853924,0.0409432035345406,13.0054821428386,0.00149932380164256,0.0157735215077494
"Naa50",2903.33740450915,0.143808976213653,0.0412762257698475,12.9907964700459,0.00151037360984221,0.0158777597624229
"Mfsd7c",64.7140476344838,-0.54684581267879,0.160908494077191,12.9748547427353,0.00152246070023387,0.0159793014356508
"Nell2",20447.1304619066,-0.110108417587619,0.0307711834698535,12.9744291227668,0.00152278472954864,0.0159793014356508
"Commd8",1454.79068265553,0.128016145025386,0.0441036531146965,12.9735167537939,0.00152347955879156,0.0159793014356508
"Fgfbp1",104.417695338398,0.566372147514409,0.169165298223826,12.9640611484865,0.00153069932285427,0.0160429285472925
"Sucla2",5229.17802482282,0.12229938677408,0.03450507887266,12.9586361440976,0.00153485698441032,0.0160743907674539
"Gpx7",144.065175898353,0.276130813786315,0.111144287763787,12.9434464548008,0.00154655836359679,0.0161847507305524
"Nbeal1",876.402296639939,-0.258830178895165,0.0769486814728167,12.9382245576403,0.00155060162403613,0.0162148626970635
"Cst3",19950.8489101485,0.199900072545523,0.0563619605305216,12.9349339159178,0.00155315496118909,0.0162293607815311
"Cspg4",825.527771191381,-0.249053543141902,0.0693312496894893,12.9248038811478,0.00156104167437807,0.0162995252306684
"Deptor",1282.25902704305,-0.206170225947191,0.0587112486694119,12.9154954937416,0.00156832399823668,0.0163632784452181
"Syt7",13564.722696064,-0.13651276249766,0.0382994270163264,12.9037149197121,0.00157758913709373,0.0164476084847823
"Acaa2",418.105720103437,0.200760752489992,0.0693611751256981,12.8993213854147,0.00158105854242686,0.0164714323655976
"Rpl22",2247.24609056203,0.186166078019866,0.0538034138743487,12.881283095476,0.00159538283797444,0.0166015528459386
"Arhgap1",3184.79158607932,-0.102475326551392,0.0293407885777386,12.8805899181689,0.00159593587539689,0.0166015528459386
"Hnrnpf",1978.36013510493,0.142848595404704,0.0410628354803804,12.8790421002575,0.00159717146251783,0.0166019885655441
"Tdrd5",50.6143619642254,-0.628158309247208,0.177243565294845,12.8758019523,0.00159976109557603,0.0166041589377787
"Prox1",333.904240937232,-0.339255826100441,0.0945038146577485,12.8757933535231,0.00159976797358524,0.0166041589377787
"Tmem59",5389.86697930919,0.108565642007791,0.0304355540062313,12.8663715982909,0.00160732206395031,0.0166701232404332
"Trim66",1490.0171089364,-0.171919720095654,0.0510595044361152,12.8633102092671,0.00160978426697203,0.016683218766801
"Rps25",2898.3921176597,0.202260412649424,0.0568051899834426,12.8501238029818,0.00162043296760807,0.0167810735022287
"Srek1ip1",479.683073609436,0.234890862140592,0.0658198272411841,12.8368299920133,0.00163123970829125,0.0168804180527639
"Whsc1l1",3248.79215577409,-0.164448562128874,0.0459039337407335,12.8323476449925,0.00163489969932013,0.0169057137681371
"Fcf1",320.905713817429,0.284918125952899,0.0813726058021412,12.8302853200854,0.00163658641599535,0.0169105823727068
"Rbpj",1037.60814407484,0.477051454931153,0.133639427014095,12.8251988511008,0.00164075393626251,0.0169410584599399
"Sestd1",4603.15159771691,-0.13224750377587,0.0398442156005575,12.8064473984344,0.00165620953667132,0.0170879541810272
"Gabrg3",262.158942653433,-0.360746389092731,0.12416042271115,12.803644536232,0.00165853222739147,0.0170992336683177
"Vim",851.593489356435,0.150390792776544,0.061676452664375,12.8005939896772,0.00166106387251214,0.0171126491399251
"Ubxn1",1559.14411958524,0.12470392659131,0.0354004298345642,12.7967600606597,0.00166425112695331,0.0171327939849494
"Dhx8",1674.15907338208,-0.13257782744495,0.0373671709310363,12.7918262156588,0.00166836177374363,0.0171624079506112
"Ppp1r7",3220.62078852904,-0.116851895687068,0.0326942538516939,12.788659565862,0.00167100542480653,0.017170760269548
"Csgalnact1",907.658512188348,-0.169661499539116,0.0521707734717016,12.7878967315199,0.00167164289653206,0.017170760269548
"Zcchc6",2736.73948120416,-0.107802411807807,0.031810517030244,12.7780444649148,0.00167989794832378,0.0172428196791787
"Nfat5",3951.61815876123,-0.164795416145357,0.0492156777883827,12.7728430971727,0.00168427251779352,0.0172749721072804
"Slc4a10",13837.5689804782,-0.170164751380928,0.0476964679989655,12.7625706103508,0.001692945605894,0.0173511330042548
"Cox7b",3950.45012016427,0.178718193965674,0.0513252298009918,12.7573363031926,0.00169738210751644,0.0173837926003966
"Magi2",4911.44733870981,-0.158908746080562,0.0466024360001664,12.752587921114,0.00170141680458192,0.0174122920663174
"Frmd4a",2522.0759307594,-0.113635555896174,0.032050517830204,12.7250507481366,0.00172500492389967,0.0176359196478483
"Scn1a",9072.12313163805,-0.113788058015144,0.0450938246249383,12.7241241162338,0.00172580433137198,0.0176359196478483
"Pde11a",83.3523752894919,-0.498411274489935,0.141810468841445,12.708613243769,0.00173924073204151,0.0177601762857807
"Arhgef11",2745.83219013839,-0.156749376558119,0.0452910558021136,12.7033725413077,0.00174380412987556,0.0177937108131396
"Arl6",976.567485505267,0.168834146490296,0.0517326746812671,12.6997524558289,0.00174696334817733,0.0178053895882168
"Pten",7823.91209682625,-0.102532049349858,0.0303516321815559,12.6978776552571,0.00174860171990444,0.0178053895882168
"Tmem176a",384.69839033044,0.245816351503021,0.0716310937495949,12.6976630693133,0.00174878934264482,0.0178053895882168
"Dock2",151.254250560702,-0.308161158239687,0.107991242690745,12.6961185461894,0.00175014038704672,0.0178061100973269
"Tpt1",12856.6694707924,0.1372338655481,0.0404156376466732,12.6892708927007,0.0017561428343163,0.0178541188155491
"Arfip1",738.268523948831,0.165146250214181,0.0483647950371026,12.6768514639259,0.00176708190885377,0.0179522097796481
"Dgke",2785.20584612751,-0.135761085139484,0.0386933754395179,12.6681852295378,0.00177475549512411,0.018015237527346
"Rpap1",917.377217835811,-0.223060272002617,0.0641602295971263,12.6669223269165,0.00177587652070689,0.018015237527346
"Vimp",1101.4984101053,0.134012524550177,0.0384748966135317,12.6584746474856,0.00178339340236083,0.0180783057143108
"Uqcrh",3408.10242825414,0.221557004992902,0.0651855567193219,12.6555897659952,0.00178596769785709,0.0180912153982494
"Grsf1",3202.36208092954,0.109543526170362,0.0314948348288515,12.6530918986808,0.00178819964651344,0.018100640963398
"1700024P16Rik",54.3911561413065,-0.555684206300223,0.207674679701334,12.644692476907,0.00179572535988573,0.0181635987674842
"Gpx8",168.968068374741,0.354659055638342,0.100138279548626,12.6411392500361,0.00179891850533915,0.0181743780525116
"Ube3a",2881.76935646692,-0.217554241203553,0.0631066513323219,12.640598940983,0.00179940455696783,0.0181743780525116
"Rnf145",3713.5366523056,-0.100412642757636,0.0325729135103418,12.6059419632724,0.0018308572455229,0.0184687364131233
"Fyco1",1668.12719544218,-0.241130915049618,0.0678999596075495,12.6055630307579,0.00183120416405644,0.0184687364131233
"Rab5c",5246.54096669534,0.0819971859192048,0.0250518745087269,12.6015712411851,0.00183486270471687,0.0184922249979727
"Taf9",1524.71732720639,0.242036612509145,0.0698384649099839,12.5826933370856,0.00185226388104453,0.0186540811423369
"Ncbp2",1900.07287727451,0.159689873191108,0.0463941998494803,12.5698271097378,0.00186421811539241,0.0187608867936886
"Slc35b1",1460.4146332852,0.164591061490007,0.0467283578661454,12.5524807863008,0.00188045710046133,0.0189106271534463
"Tra2b",2150.00711955679,0.153132801793557,0.0432790630144952,12.5447506129105,0.00188773929427063,0.0189701431392456
"Psat1",4011.81846067827,0.176761181722811,0.0508569603063926,12.5347598904957,0.00189719282615586,0.0190475313980437
"Ranbp1",1502.29908804691,0.13417492549727,0.0451498084357091,12.5330979314777,0.00189877000973188,0.0190475313980437
"Med4",593.271025667078,0.163451613611619,0.0553491594206179,12.531800539949,0.00190000213338814,0.0190475313980437
"Elp5",2140.32380590584,0.140948077006136,0.0414549970154248,12.5308362465437,0.00190091843402967,0.0190475313980437
"Snhg5",255.948895202455,0.274448702726221,0.086659054315316,12.5251534607389,0.00190632737099465,0.0190879777363524
"Gskip",845.584865248491,0.160189368943869,0.0457398778083441,12.5146321808191,0.00191638229742446,0.019174852512647
"Gcn1l1",3638.06017559736,-0.264758993087234,0.0749373403273375,12.5061320658949,0.00192454436464931,0.0192426765086575
"Gstm5",3374.97150595744,0.182259105968343,0.0516730164436906,12.5019031722765,0.00192861801658269,0.0192695541484426
"Cmpk1",3860.97032012133,0.0828446867010939,0.0277841319688716,12.4968101356142,0.00193353553633538,0.0193048185494275
"Trpc3",855.681798166353,0.201770180059502,0.05778452383754,12.4856088974795,0.00194439491355975,0.0193993145321298
"Mob4",2430.724283183,0.127342689254298,0.0362505923412027,12.4827074829315,0.00194721770843388,0.0194135511748376
"Arl6ip5",4525.78657632589,0.122055559932081,0.0345690973275969,12.4748244976993,0.0019549077979133,0.0194762590640245
"Prlr",38.6917106367703,0.809686025840472,0.236625392938144,12.472132774672,0.00195754060438032,0.0194778845670798
"Trpc1",1376.92288954462,-0.15533934043238,0.0440749498926176,12.4717943042355,0.00195787191722588,0.0194778845670798
"Ctnna1",2193.18774109255,0.129004197522964,0.0365351162928358,12.4692171504217,0.00196039641191853,0.0194890588255632
"E430025E21Rik",1944.46571290651,-0.145720051479162,0.0413496935137502,12.461027960006,0.00196843989784376,0.0195550443565793
"Matr3",19979.3096611542,0.112615656744925,0.0351083927740028,12.4577774029223,0.00197164176222665,0.0195728719693421
"Rnd1",1578.70682555877,0.161511366267561,0.0458245545893124,12.4539929334087,0.0019753761033078,0.0195959563800321
"Actr3",6239.48107803532,0.0661160195081349,0.0228390788715727,12.4509626823497,0.00197837131455987,0.0196116808573761
"Rnf113a1",137.065435311291,0.277581413418126,0.0972197236782665,12.4482488634434,0.00198105760741427,0.0196243227948131
"Nxph4",116.557676650028,0.419983796734831,0.120296956658631,12.4381503853835,0.00199108573671174,0.0197096230791365
"Mia3",5094.25166578412,-0.122199757513594,0.0348042363808552,12.4154846646289,0.00201377877902632,0.0199200819763144
"Tcf4",14547.6503259997,-0.0965518192499995,0.0274252567521906,12.4012382631649,0.00202817454057882,0.0200414495382536
"Reps2",9972.39702677712,-0.132488064017484,0.0381893460346366,12.4004932590858,0.00202893018046168,0.0200414495382536
"Exph5",1372.4396907899,-0.195783701687791,0.0658100901180359,12.3945028672989,0.00203501633386719,0.0200854214379797
"Usf2",2505.11699995631,0.109070202350413,0.0354491999688559,12.3932710768483,0.00203627007675808,0.0200854214379797
"Hspb3",102.007480005383,0.414813999622934,0.117967823786919,12.3891743637283,0.00204044535870094,0.0201123416362953
"Lbh",1990.77197026458,0.0582611376176,0.0372749084983537,12.3693492585089,0.00206077195847263,0.020261913273988
"Ythdf3",3706.54760374032,0.100577707072115,0.0287486593598638,12.3691753864584,0.00206095112158338,0.020261913273988
"Grid1",1960.80258922914,-0.136984282203754,0.0397549503217763,12.368827739047,0.00206130939488188,0.020261913273988
"Opa3",1591.65929295099,-0.0505335610967112,0.0369453658910204,12.3686940632796,0.00206144717304379,0.020261913273988
"Pmm1",3817.26066068733,0.125696862513345,0.0375507227682247,12.3650874401744,0.00206516795840539,0.0202841496931512
"Slc16a3",164.508046370846,-0.233260872720092,0.104911135631431,12.3602931132606,0.00207012444194477,0.02031848323117
"Alg10b",1345.16815411663,-0.196317909072984,0.0573958818303563,12.3487858689402,0.00208206948649224,0.0204213134119422
"Gria4",5754.33775496849,-0.139772758134589,0.0397982758544517,12.3417167581709,0.00208944169747575,0.0204690742227915
"Grcc10",2105.56927757311,0.195338260142797,0.0561094115606251,12.3412948978248,0.00208988247025912,0.0204690742227915
"Ntng1",1074.41625107047,-0.30267496824729,0.0865741715591935,12.3196534380081,0.00211261931679673,0.0206772058114067
"Hat1",458.280758896383,0.196143288836745,0.0640243389788263,12.3134702923262,0.00211916073973242,0.0207122790823949
"Fkbp4",3869.48323250147,0.158051474080602,0.0451039159712093,12.3134509144631,0.00211918127223525,0.0207122790823949
"Smyd3",624.233243686876,-0.202704780338155,0.065428624576263,12.3031435764181,0.00213013102256985,0.0208046785547061
"H2-D1",207.700885911686,0.314492773173036,0.095747302251041,12.2918868282958,0.00214215399993191,0.0209074230393355
"Vmp1",4973.95994043003,0.158139758893284,0.0470751177291924,12.2879320899348,0.00214639401989211,0.0209341150271105
"Caln1",2146.40792860425,-0.204379348119312,0.058323774646869,12.2852083633631,0.00214931910643664,0.0209479538418506
"Mum1",1014.64741310309,-0.174660932688879,0.0529344795898911,12.2801952498616,0.00215471325429704,0.020985820686809
"Mrpl53",636.852484967764,0.203382777268745,0.0580785719637784,12.268428939135,0.00216742712931587,0.0210948750976383
"Dnm2",1791.1793370175,-0.124288121288451,0.0357203959599741,12.2607272903294,0.0021757896014689,0.0211614557882724
"Bzw1",9017.10235064938,0.115088489487397,0.0342178808620536,12.2526621731456,0.00218458131515684,0.0212321152559059
"Atp8b2",3266.63904324607,-0.190985100682826,0.0559766293843543,12.2457110046573,0.00219218722138342,0.0212676701053931
"Med6",407.596503035442,0.217665876490016,0.0711015070683342,12.2455977599243,0.00219231135172595,0.0212676701053931
"Azin2",1310.05937494149,0.15220962858876,0.0457112700462893,12.2451273334833,0.0021928270729892,0.0212676701053931
"B2m",1565.2915411699,0.324068221348638,0.105178531674195,12.2399662284412,0.00219849308599839,0.0213077643484778
"Med1",2057.04534744249,-0.138871958094702,0.0400162534038891,12.2336602264526,0.00220543587644534,0.021360168641784
"Plbd2",2493.27065047566,-0.149686855480784,0.043183202452237,12.2321099618449,0.0022071460437546,0.0213618560727481
"Acot9",661.352725887199,0.204166348184311,0.0607852548920144,12.2295919058382,0.00220992665249596,0.0213738942162127
"C530008M17Rik",2369.21033432271,-0.171127957338447,0.0489884536831991,12.2258909850262,0.00221401982022099,0.0213986015702805
"1500004A13Rik",1751.29270738659,-0.126199740834325,0.0453925926759995,12.2219882395101,0.00221834441626111,0.0214254286689887
"Zcchc2",1294.43039656329,-0.172595035542868,0.049810376770609,12.2206074078784,0.00221987652516629,0.0214254286689887
"Hook3",4714.69744141601,-0.202740884500065,0.0581186895967732,12.2141942807435,0.00222700612500485,0.0214793350808373
"Dclk2",2144.88185317207,-0.11800928718411,0.0338526766912848,12.2052694680945,0.00223696613750525,0.021540089069289
"Ndufb8",3098.72192279051,0.150458405961313,0.0451915805986094,12.2051438360785,0.00223710665920152,0.021540089069289
"Scn7a",142.624734677055,-0.538632560623793,0.161931655264907,12.2043887295584,0.00223795144557971,0.021540089069289
"Zfyve27",2807.62832248561,-0.113515763912925,0.033638464521216,12.1904470300659,0.00225360636951453,0.0216757658279447
"Rnf123",2018.9143821306,-0.129380714587774,0.0374548145610947,12.1880332109401,0.00225632791058955,0.0216869444232754
"Aff4",9278.01509725099,-0.121743892631189,0.0358720043362763,12.1863008114557,0.00225828318795215,0.021690747636767
"Anxa7",2456.47447419097,-0.125812031023357,0.0413706953270097,12.1815135765713,0.00226369512845388,0.0217277238416401
"Cux2",3388.36616308217,-0.149090451222812,0.0490595550611668,12.1785474292229,0.00226705484584375,0.0217368615293611
"Tmem70",1269.10133236766,0.159711073075315,0.0465327144746198,12.1779140236579,0.00226777294212705,0.0217368615293611
"Selt",8213.13565988714,0.0972881404871617,0.0288133592011964,12.1678818677432,0.00227917684551738,0.021828188145677
"Ncam1",11019.6788878664,-0.125559266685048,0.0359946403477282,12.166773879576,0.00228043984582029,0.021828188145677
"Ost4",715.538595701,0.18718283050969,0.0562990909577699,12.1591400807321,0.00228916068805077,0.0218965934315063
"Nfasc",16809.9928103373,-0.156310905161246,0.0448226050580477,12.1558333401182,0.0022929486489484,0.0219177524464429
"Ddx26b",1637.33419499224,-0.172309965848899,0.0503102053424933,12.1543787983352,0.00229461685030011,0.0219186340343227
"Rusc1",6327.36975287331,-0.127509059844054,0.0367068566075285,12.1522808269629,0.00229702513343768,0.0219265789676399
"Itga5",151.403284581692,0.36310038700775,0.110614391426727,12.1398183640889,0.00231138311615948,0.0220485023179328
"Trappc6a",155.210025925396,0.555835720286381,0.16660022571385,12.136187371781,0.0023155832348132,0.0220734281218519
"Surf2",722.460148930175,0.172986746824397,0.0529779957419521,12.1326704078409,0.00231965872847264,0.0220971325997243
"Ccnb1",29.90024659432,0.703107784614725,0.236400084579127,12.1300422894124,0.00232270890101337,0.0221110440761765
"Fbxo8",875.119823002322,0.166399408451487,0.051976274857591,12.123846989481,0.00232991499537779,0.0221644717891343
"Fads1",6863.76678374833,0.0934554011047605,0.0268486956507079,12.116661033504,0.00233830138570723,0.0222290469394506
"Phka2",1045.99288928561,-0.163436782155047,0.0496823826701738,12.1026396516705,0.00235475209202225,0.0223701448742114
"Mrpl47",386.277285655487,0.223656884942745,0.0746195799400885,12.0976702664645,0.00236061020191455,0.0224104892069813
"Mturn",5053.03912446604,0.11088240245025,0.0318980548955421,12.0962845870009,0.00236224629316275,0.0224107240418196
"Uchl3",748.314630481441,0.184697046832872,0.0542237977847327,12.086744334176,0.00237354142478385,0.0225025317899753
"Dap3",2189.85379164512,0.123122332542906,0.0372862113448692,12.0816800485523,0.00237955918634167,0.0225442160515259
"Uggt2",1397.28708768662,-0.250804295986519,0.0734167247559414,12.072554513333,0.0023904413694792,0.0226318982755049
"Jmjd1c",3618.08193434754,-0.161453154185739,0.046919968151362,12.046855680364,0.00242135533407772,0.0229089863852741
"Cystm1",692.485174469644,0.157147168568022,0.0515894122627475,12.0418687085971,0.00242740048303675,0.0229505682651769
"Dpysl2",7275.85636700801,0.113025055075124,0.0349913695227011,12.0038082141436,0.00247403685777816,0.0233756145502572
"Ctxn2",93.3459124946533,0.448172021750591,0.134486082685511,11.9972877434658,0.00248211596290756,0.0234211643837518
"Mtx2",1118.52959644825,0.168977678673884,0.0488667655028022,11.9971992498622,0.00248222579103035,0.0234211643837518
"Ppp2cb",4131.28065014065,0.103071804437804,0.0304477027534662,11.9883148225745,0.00249327689581781,0.0235094881810401
"Tbc1d1",890.612068550385,-0.204452007909186,0.0615811354938428,11.9869429768066,0.00249498767816197,0.0235096806421929
"S100pbp",490.827298154006,-0.246125707389896,0.071124283801176,11.9822091882392,0.00250090004444814,0.0235408436382871
"Ntsr1",429.88810909944,-0.223447063932068,0.0818413278257468,11.9815854618238,0.00250168010478777,0.0235408436382871
"Atg7",911.482771483835,-0.144084256181133,0.0416511222215204,11.976074924262,0.00250858241036726,0.0235898337818714
"Atad1",5254.30021632963,0.130961610172465,0.0398245342883247,11.9668328761346,0.00252020145531857,0.0236830823247099
"Pomt1",555.402975503291,-0.172819796211743,0.0549145080350707,11.9398691325622,0.00255440855797619,0.0239883283081248
"Spock1",10012.9951928235,-0.137305112001586,0.0467493225171527,11.9345390906514,0.0025612251895103,0.0240361133169428
"Kcnn2",1288.8555671474,-0.250494639591419,0.0725973759559967,11.9279206662006,0.00256971486654346,0.0240849641108479
"Atp5a1",27773.0893066547,0.0744515210588875,0.0239447550391204,11.926503082085,0.00257153690567888,0.0240849641108479
"Rpl7a",5370.84794567222,0.13237312640575,0.0398848842240936,11.9264339417918,0.00257162580562332,0.0240849641108479
"Ptrf",575.10941974306,0.287498212434704,0.0856535711398845,11.917562394867,0.00258305829234212,0.0241757568841819
"Sstr1",1733.00393841112,-0.169353933137232,0.0671821424790918,11.9100200154363,0.0025928178862819,0.0242418042436332
"Ank2",24617.2754175711,-0.110544791138986,0.0320782848268086,11.9094159315852,0.00259360114427137,0.0242418042436332
"Tmem176b",877.06382320664,0.180865139659388,0.0553880887962222,11.8948505195701,0.00261255852563534,0.0244025950131204
"Ndufs7",1891.12401058774,0.152199890864893,0.0455518434897869,11.8902033565135,0.00261863607647518,0.0244429466789374
"Ciart",375.171939414702,-0.408293606707253,0.129438854526486,11.8874618407237,0.00262222805385405,0.024460058868546
"Isca1",6194.21230384512,0.092398846050242,0.0358961416424287,11.8810315374346,0.00263067248247885,0.0245223812910964
"Lcmt1",1830.33107568289,0.131517021272261,0.0386046844164545,11.86597918106,0.0026505460846611,0.024691088376066
"Rap1gap2",12740.2863149722,-0.0976221853530442,0.0283643200030103,11.862252179386,0.00265548998455856,0.0247205854787419
"Faah",3408.50622422138,-0.126950503644297,0.037733697611528,11.856069815498,0.0026637112874763,0.0247805328335923
"Abcc8",1175.98985366392,-0.230620744159603,0.0669736735487924,11.8546102949417,0.00266565586761881,0.0247820466623278
"Stk17b",482.767421370784,0.201556309083649,0.0700324859559921,11.8521757174694,0.0026689027162561,0.024795657299726
"Scaper",1521.28991027119,-0.172656532823038,0.0507636104893097,11.8491540992643,0.00267293796625228,0.0248165695825345
"Apip",352.27740702208,0.234312829306519,0.0691652673676496,11.8365596655702,0.00268982314526301,0.0249566779882041
"Ppp1r8",1178.71894146672,0.131122219631091,0.0381705081903385,11.8349591611333,0.00269197654371825,0.0249600065133556
"Bloc1s2",866.225408164011,0.156309770812397,0.0596348085223177,11.8167016770733,0.00271666341172386,0.0251621602679275
"Fus",4872.96372094652,-0.138457891517034,0.0404627548367958,11.8161613008681,0.00271739752102582,0.0251621602679275
"Hip1",2503.33941765513,-0.157602703312583,0.0459144098468232,11.8112874056376,0.00272402775191573,0.0252067717722182
"Hecw1",6262.87257750545,-0.148065703558905,0.0439437393023328,11.8081097104107,0.0027283592570479,0.0252300668530733
"Kcnc2",5389.7407319994,-0.0976348300500285,0.0287652260098656,11.7989272195978,0.00274091462428505,0.0253192364857808
"Emc2",1876.3555408253,0.157815416689943,0.0463917252533992,11.7983958430375,0.00274164294992709,0.0253192364857808
"Snx3",4182.02747880616,0.10794732201034,0.0352753648483374,11.7945157313715,0.00274696705318302,0.025341185603003
"Zfp868",600.673058636281,0.245588827357713,0.0786455681036661,11.7935285518737,0.002748323262639,0.025341185603003
"BC017158",495.617571274136,-0.0208907067572191,0.0550598604625471,11.7926827034752,0.00274948584087802,0.025341185603003
"Tubgcp6",1412.26151942875,-0.186019833943407,0.0566803976107697,11.7865413603603,0.00275794158460903,0.0254022858004917
"Aamp",4151.47039411579,0.0988455512451292,0.031711154920335,11.7773745585663,0.00277061134966798,0.0255020930848327
"Mettl9",1731.14397951704,0.138561528965874,0.0404106314871863,11.771794653495,0.00277835201685426,0.0255564284724928
"Rbm41",576.612113134713,0.248648528467483,0.0724904380599079,11.7698209133966,0.00278109524262684,0.0255647538892624
"Stx4a",981.31654926602,0.140271594191779,0.0468409010314862,11.7615777205631,0.00279258144930751,0.0256389013340248
"Zfp286",554.820820595024,0.232220758483809,0.068921330962775,11.7613865454381,0.00279284839811962,0.0256389013340248
"Zfp27",847.554025868282,0.189245420004091,0.0640380897877536,11.7524177862367,0.00280540071414368,0.02573714586564
"Ctss",1406.94361777555,0.159118682769353,0.0565854284884052,11.7504747866769,0.00280812748463398,0.0257451793383582
"Abce1",4220.35946544053,0.13866739743338,0.040529829803861,11.7481674306687,0.0028113690290355,0.025757918613851
"Galnt18",1486.67601055004,0.198184318577276,0.057823284199096,11.7460343019828,0.00281436913461508,0.0257684304965283
"Myt1l",10349.7783325681,-0.133185686175001,0.0388801147878761,11.7307661177583,0.00283593650673502,0.0259488190366255
"Ehbp1",2522.63389867787,-0.105017478396652,0.0307057448862636,11.7208615798587,0.00285001566014387,0.0260604982256942
"Oat",2881.8392700524,0.125736312220565,0.0421011619856805,11.7192266284009,0.00285234643131772,0.02606467422258
"Ptchd4",257.95714759182,-0.393696070488987,0.118668717757567,11.7132220639146,0.00286092284832991,0.0261045977327933
"Gaa",8977.56725613482,-0.140478752347222,0.0426645398066997,11.7130323865054,0.00286119418741328,0.0261045977327933
"Hook1",3139.00441507432,-0.131313094128554,0.0401194877618242,11.7122272518184,0.00286234624263085,0.0261045977327933
"Ssr2",2116.99430318953,0.123692085883499,0.0361695450726732,11.6954190086288,0.00288650311496495,0.0263076574855391
"Clstn3",18464.865690126,-0.116926206315069,0.0341967297936235,11.6926592478043,0.00289048889338949,0.0263267318462744
"Rpl13a",4995.27443150916,0.198112938311363,0.0600587357943382,11.6901075965059,0.00289417900672857,0.0263430900690975
"Zfp930",439.017789454543,0.262956385106433,0.0782654961069577,11.6855635275542,0.00290076215695135,0.0263857423668276
"Unc5d",2682.31740572102,-0.159169994485625,0.0533137196404186,11.6842236865243,0.00290270608809618,0.0263861674988508
"Cyb5r4",1526.19868317435,0.253577691623812,0.0824202384049281,11.6819344098633,0.00290603053903085,0.0263991330743573
"Bmp3",561.104606412538,-0.247386425569009,0.0734022164947625,11.6788281188109,0.00291054753422889,0.0264229080326733
"Cep19",2397.09312011669,0.153549496561127,0.0465421096579563,11.6666319299424,0.00292835055502947,0.0265671882057076
"Bpnt1",2095.45849491282,-0.0796147829847321,0.0503527353267407,11.6575741160759,0.00294164285924553,0.0266703838894308
"Faim2",18538.3545771878,-0.0931888485105646,0.0273321673396112,11.6511778137698,0.00295106573761076,0.0267383858493097
"Ndufa6",1584.10333109708,0.18796230363304,0.0555388420205766,11.6447497866952,0.00296056576126546,0.0267922591997751
"Igfbp2",1162.03825215993,0.192288171513833,0.0589820347836203,11.6445480372097,0.00296086442263836,0.0267922591997751
"Pcdhga11",528.892542491963,-0.298707237493259,0.087758430175549,11.635810178609,0.0029738285289798,0.02689207228937
"Pcdhb2",133.015519902808,-0.8256551621613,0.249153289165036,11.6274010742769,0.00298635846909724,0.0269730309824113
"Pex7",764.834882997862,0.185001709218738,0.0549969394722624,11.6271991247735,0.00298666003112693,0.0269730309824113
"Esyt2",1921.73504888514,-0.120414679817782,0.0459756743558161,11.6245115284651,0.00299067619721802,0.0269917745301157
"Cckbr",2604.70920972126,-0.206896120164118,0.0607207919854713,11.6113495407621,0.00301042272350004,0.027152373046977
"Scoc",4505.22709772668,0.242761059686114,0.0925997568374298,11.6087525774149,0.00301433424120378,0.0271572876166818
"Wdr48",3111.61152881877,-0.0818951036026047,0.0252836110757568,11.6083952213193,0.00301487288468196,0.0271572876166818
"Mrpl20",1472.52782341691,0.214858378806775,0.0643315869411771,11.6019330177371,0.00302463000048807,0.0272100838527058
"Bpgm",1998.591422575,0.132868164313898,0.0442150568675266,11.60192181697,0.00302464693962346,0.0272100838527058
"Atrx",9868.78223316586,-0.153224239263223,0.0458076954766761,11.5915911943653,0.00304031060166563,0.0273333159973921
"Pigl",178.526985794053,-0.247923615044055,0.0907206509081958,11.5876415135325,0.00304632066242237,0.0273696561840894
"Nudt2",355.661217544655,0.257403819737786,0.0758934673781398,11.585525053862,0.00304954607614857,0.027380946950984
"Pwp1",747.197717410381,0.20947646536146,0.0629135565728188,11.5599880536374,0.00308873385774904,0.0277149099958539
"Sfmbt2",206.674561964029,-0.375524590166424,0.125914283854732,11.5571408916073,0.00309313405190269,0.0277364979973324
"Strap",4317.91612539634,0.102501213375898,0.0313321659532271,11.5543899691443,0.00309739146515715,0.0277567786710088
"Tmem161b",823.270303292615,0.182502141763993,0.0572103032570052,11.5451785449079,0.00311169006089505,0.0278669577378804
"Abcc4",237.234781951382,-0.269891885869611,0.0807373369703178,11.5436287850753,0.0031141021814602,0.0278706133460415
"Tmem50a",2707.11673483481,0.124194148561449,0.0376159343934159,11.5374607585429,0.00312372093846351,0.027938720779518
"Mapkbp1",2992.27475587389,-0.173855109978055,0.0538009984398841,11.5350092902282,0.00312755213745176,0.0279550097221588
"Pcdhga10",190.728136832749,-0.319437493693327,0.0970952457759678,11.5299167251916,0.003135525916223,0.028008281594624
"Sntb1",46.2121231965198,-0.584824659179535,0.186037991876528,11.5157650962983,0.00315779099468506,0.0281890610745057
"Pcdha10",106.983753354425,-0.460096213102655,0.137677884576142,11.5032912954253,0.00317754736794298,0.0283472282189551
"Crym",1639.28706494026,-0.177576561888805,0.0623778121105425,11.500877135224,0.00318138523798195,0.028363273006316
"Saraf",7786.91003283402,0.115688869653693,0.0351753415528859,11.4965370318021,0.00318829650465168,0.0284066801964738
"Xrcc6",490.84340381719,0.239710451890104,0.0707538035617929,11.4807690691752,0.0032135323233622,0.0286062492228898
"Tnfrsf11b",81.1121252728062,0.461526211499937,0.137715443362414,11.4793125489685,0.00321587346312007,0.0286062492228898
"Gng5",468.041718136114,0.159127785061064,0.0656301542012614,11.4786953055011,0.00321686610473106,0.0286062492228898
"Dnajc8",2544.72008002044,0.124740957691119,0.0401913864430392,11.475085772003,0.0032226770398271,0.0286325765500384
"Sptssa",634.54521609205,0.159196236899035,0.0569997798267293,11.4742995714726,0.00322394412405523,0.0286325765500384
"Araf",5467.50847603277,0.0965958755199028,0.0288950015273736,11.4715324791494,0.00322840768663377,0.0286539209353557
"Tbr1",5543.31491068928,-0.138015058383741,0.0415430065320974,11.4582908748369,0.00324985325028488,0.0288258667123482
"Rps14",4732.2675290387,0.174711584791469,0.054660103632026,11.4523397503896,0.00325953779218175,0.0288794454034144
"Rnf144b",1115.12660709193,-0.198973403957746,0.0589296303413011,11.4520275268204,0.00326004668416455,0.0288794454034144
"Tspan6",675.847539452306,0.161770676444427,0.0638522899276224,11.4450655579595,0.0032714146302572,0.0289556969583018
"Mrpl15",859.445019747028,0.15417953429196,0.0499288387423581,11.4442076566743,0.00327281820667604,0.0289556969583018
"Nmt2",3915.05756469329,0.153913542211964,0.045519056453488,11.4387127017403,0.00328182256492399,0.029016902881731
"Pcdhac1",225.865454917916,-0.34553824955912,0.103607006502886,11.4371950418029,0.00328431385535169,0.0290204810039589
"Enho",1082.48799234921,0.137434833436674,0.0516361877863738,11.4348363286205,0.00328818951748908,0.0290362792439607
"Cbx3",2252.60756869187,0.129272890946007,0.0449750748326908,11.4329489975844,0.00329129393308811,0.0290452512826075
"Adarb2",904.859301822442,-0.333073020384044,0.130128577628924,11.429918450052,0.00329628492484639,0.0290549929526686
"Mypn",117.275168770904,-0.467206596837747,0.151940385828951,11.429472405006,0.00329702015260985,0.0290549929526686
"Dynlrb1",3345.77107965,0.18785496712458,0.0555949037587195,11.4284748297572,0.00329866507565888,0.0290549929526686
"Cox7a2l",3383.44470927889,0.151452315539252,0.0515398102576112,11.4252507035118,0.00330398702048457,0.0290834503043667
"Rpl27a",4700.57078848773,0.158159274041604,0.0508439733373442,11.4196126350432,0.00331331421366647,0.0291471056822728
"Man2a1",1222.57852242805,-0.154168186009609,0.0456409500935869,11.4086216062244,0.00333157270361642,0.0292891992173812
"2810428I15Rik",783.803603980374,0.194979636584319,0.0582369860614747,11.3851776097292,0.0033708551777559,0.0296158267923114
"Gatsl2",4386.5563474147,-0.160819476648819,0.0477161324228676,11.381905507364,0.00337637458313956,0.0296455919837784
"Farsb",2180.81420662972,0.15856172226912,0.050489966569513,11.3771363912858,0.00338443535115984,0.0296976194725117
"Rxfp1",359.669838815162,-0.276147940649751,0.087370490424122,11.3710613465333,0.00339473127840833,0.0297691819798885
"Thbd",607.874897968372,0.443494760031529,0.13151461941109,11.3684736766633,0.00339912634296233,0.0297848146720439
"Hdac6",1861.36469694466,-0.125269246522937,0.0385195661533185,11.3674908828648,0.00340079707356958,0.0297848146720439
"Kdm4a",1835.18278516886,-0.173858900734073,0.0516116831388276,11.3662069755212,0.00340298092863004,0.0297851848680847
"Phb",1749.80157742828,0.132820124088003,0.0423327598133345,11.3578636355986,0.00341720669391692,0.0298908872320733
"Mettl23",447.115788323146,0.235722373589196,0.0699763123388774,11.3544849230074,0.00342298445253105,0.0299226070181029
"Ccdc91",1477.92493598132,0.16429721438174,0.0495611610812086,11.3476999003317,0.00343461668618131,0.0300054327081719
"March7",1510.6900568187,-0.147288019681959,0.0439258632942243,11.3360837654345,0.00345462321494805,0.030161267842748
"Ints1",3566.64397859573,-0.120783928267151,0.0384488637223615,11.3335516556977,0.00345899972735559,0.0301805321255091
"Mageh1",814.786463273261,0.10967577330846,0.0464494704839419,11.3298081295518,0.00346548021839454,0.0302181184184522
"Dmxl1",3339.01966656948,-0.132310249963639,0.0434632127280184,11.3281716623648,0.00346831695112351,0.0302239048597906
"Thsd7b",386.421905792773,-0.154622974342459,0.0732017633200579,11.3201871439759,0.00348219104742789,0.0303258065670802
"Atrnl1",6352.84970601986,-0.110630014810937,0.0344368739177175,11.3128344790253,0.00349501629996209,0.0304184522527364
"Cyfip1",2752.58586635486,-0.107719039009286,0.0336864388653875,11.3108886724805,0.00349841826738164,0.0304290189260436
"Ube2v2",2147.13132369526,0.13736654422481,0.0419143919285789,11.3065743403853,0.00350597308205366,0.0304756710157515
"Tmem63c",1938.31410047085,-0.143929057104629,0.0470824594087802,11.2962580389771,0.00352410414074161,0.0306141414050183
"Hecw2",3271.42024753788,-0.354134935330389,0.10995083607256,11.2883060485458,0.00353814385436615,0.0307169193049466
"Klhl15",215.394530623426,-0.354111187403993,0.107114610390987,11.2866758874146,0.00354102890227362,0.0307227885045673
"Dhx57",2331.2725729238,-0.0970562464635192,0.0331057138083752,11.2678089796396,0.00357459108992096,0.0309946464330553
"Cpq",152.383752067835,0.355975190453825,0.108148824319808,11.2636823095276,0.0035819742834092,0.0310266901504378
"Pcdhga12",409.761772351084,-0.318236707916195,0.0948039679561503,11.2627019267536,0.00358373056677371,0.0310266901504378
"Tusc2",2810.84742076563,0.107302556458649,0.0320023223851216,11.2620051994335,0.00358497922575162,0.0310266901504378
"Pex6",1781.77091952278,0.178397760359071,0.0532632071884929,11.2533099749484,0.00360059925563558,0.031118809944468
"Emc4",3002.03444116686,0.130698379178815,0.0391317614568527,11.2533034395495,0.00360061102133098,0.031118809944468
"Sec31a",3523.2524996517,-0.125693586008354,0.0389000067454164,11.2523457128228,0.00360233563492907,0.031118809944468
"Mex3c",1715.4011133591,0.155315012835761,0.0469400227251972,11.2489043231256,0.00360853949124008,0.0311365278605881
"Plekho2",408.206106095277,0.274278040371817,0.0865477865902682,11.2487243795973,0.00360886417250993,0.0311365278605881
"Ppp1r3c",1355.31023795945,0.195147417064653,0.0587813908693158,11.2468154412339,0.00361231036652487,0.0311404899274557
"Nomo1",4477.15315749625,-0.121532848657571,0.0362457716687738,11.2459900478779,0.00361380146267713,0.0311404899274557
"Arl6ip4",873.186002399401,0.170580288084398,0.0514126461037494,11.2436937214695,0.00361795307945456,0.0311569606371852
"Asxl1",1982.37443090076,-0.140984442356563,0.0420877673837247,11.2343354437084,0.00363492165257216,0.0312837192722609
"Alad",1009.15102479112,0.0403857830241041,0.0807410844657451,11.2299785308453,0.00364284880236465,0.0313325548195965
"Tekt5",108.764469393393,-0.377485074838145,0.134367566027169,11.2254653321195,0.00365107853476331,0.0313839309403512
"Serpinh1",839.989169847571,0.31136700328969,0.100206903793473,11.2214349891864,0.00365844350239259,0.0314111686988117
"Adrbk2",4065.70291580975,-0.11632462803423,0.0374264276895254,11.2212596463347,0.00365876425741119,0.0314111686988117
"Tipin",326.863596810208,0.105651452674464,0.0869168261739961,11.2182051845317,0.00366435630433288,0.0314397701916482
"Arf3",39271.2692601702,-0.100798612540948,0.0301143773738677,11.2120587602077,0.00367563497068373,0.0315170969002894
"Sugp2",3210.28935953078,-0.116094446604893,0.0394658661896944,11.2059505916943,0.00368687782916066,0.0315940214713287
"Gosr2",3480.42034684781,0.112969676678835,0.0350694424085168,11.2014090098052,0.00369525947082512,0.0316317476707214
"Nagk",817.751312742284,-0.122330767011067,0.0497480280902324,11.2011007759507,0.00369582901674735,0.0316317476707214
"Fbxo7",615.186457617822,-0.157403871951215,0.0485703565474407,11.1937328489035,0.00370946942599279,0.0317197699161542
"Ralgapa2",1117.55437122855,-0.173021334777955,0.0567116901224599,11.1930830434792,0.00371067483848022,0.0317197699161542
"Acot13",1038.70505085053,0.169764938380816,0.0510377069228473,11.1838817606322,0.00372778565303183,0.0318464636746724
"Cox6c",4276.06459511506,0.212120874688989,0.0663851968330009,11.1825380632529,0.00373029100245184,0.0318476345984174
"Tspyl3",1398.61331527645,-0.0735285154335732,0.0384005757038385,11.181352731949,0.00373250247306733,0.0318476345984174
"Rinl",83.6665065310215,0.388988960123041,0.134067108924681,11.1714105791023,0.0037511032226808,0.031986722023939
"Rpf1",342.592102353752,0.206533520156764,0.0741517425929352,11.166394648463,0.00376052266635542,0.0320473953698966
"Daam1",3501.38092763552,-0.103172391107425,0.0334826571129385,11.1483215673207,0.00379465878592003,0.0323185023849209
"Galnt12",46.1303331127595,0.507514232602215,0.152509743016398,11.1447367721269,0.00380146642238202,0.0323566676881819
"Cdc34",1299.57578307943,0.115550957782793,0.0376952042002189,11.1423115104953,0.00380607899381894,0.0323761141565956
"Slc13a3",620.159629103837,0.280924484176559,0.0852211957702467,11.139146471904,0.00381210695569241,0.0324075694008374
"Gltscr1l",2040.00053181231,-0.185563511175962,0.0581000522879538,11.1300892231221,0.00382940970548926,0.0325347771435214
"Zfp410",833.154246098964,0.146612660458804,0.0501345582845539,11.1245426715488,0.00384004445443249,0.0326052126204194
"Ywhag",44838.7525787443,-0.0982521728402082,0.0294586219954295,11.1228425491665,0.00384331011500437,0.0326130305548998
"Dpp8",8366.11274425211,-0.114572659717796,0.0361166422866622,11.1163144511058,0.00385587536329597,0.0326997039955612
"Csmd2",2938.3540947277,-0.217678360798359,0.0661749792300856,11.1043761278805,0.00387896053752035,0.0328754315392035
"Baalc",6341.7430962322,0.113934611745162,0.0379417306333469,11.1031001920057,0.00388143597951594,0.0328763773465942
"Pxdn",1230.69142636494,-0.253276024909869,0.0785609110797369,11.0985257819925,0.00389032377955694,0.0329316026330358
"Desi1",4523.02944917439,0.126655672071387,0.0384874974033238,11.0966867752362,0.0038939025905266,0.0329418474629221
"Sparc",8029.07801001017,0.145745448837065,0.0437578961630117,11.0954339345757,0.00389634257442134,0.0329424513830103
"Psmb7",2991.89464863612,0.199448053502799,0.0599351587225365,11.0940763303942,0.00389898831777365,0.0329447931492077
"Vhl",2311.94140287691,0.0786442607501648,0.0339246603952696,11.0771707838411,0.00393208526546634,0.0332042755750491
"Zfhx2os",69.3276622359908,-0.530439844975527,0.167642841164783,11.0676306508352,0.00395088637931018,0.0333427959729648
"Cct8",5468.81781568833,0.100761096471182,0.0348541809011343,11.0662860789677,0.00395354339768695,0.0333449857944391
"Kcnj14",83.8629239744558,0.46514464492102,0.144900341879464,11.0616537911011,0.00396271098587105,0.0334020511463603
"Pigu",845.982423196922,0.150184796856977,0.0458232226794786,11.0559744883092,0.00397397969568542,0.0334767471881241
"Kcng3",62.006748907796,-0.69241701602737,0.209709447228146,11.0402596508554,0.00400532791492508,0.0337203999036186
"Psmd12",2358.96302050302,0.0875684398680714,0.0391056927241939,11.0333766569369,0.00401913598535297,0.0338161786353836
"Ano8",1811.27441847277,-0.13989329876544,0.046608862700651,11.015225800619,0.00405577738193813,0.0341038402829477
"Gba",965.990425282862,-0.173987108522237,0.0524346007696538,11.0079797581231,0.00407049820038632,0.0341916271607906
"Chrm1",7768.6328812571,-0.146026658722168,0.0442092320508312,11.0076672858586,0.00407113420896385,0.0341916271607906
"Gpatch8",2611.40361309899,-0.16483180157725,0.0513319044998867,10.9991860968238,0.00408843489504124,0.0343162055040637
"Nt5c",928.895431801008,0.206453316260228,0.0622637293455946,10.9938373065971,0.00409938361942754,0.034387350650783
"Pcsk2",19303.7986726765,-0.156134509251246,0.0489274494938874,10.9698512804414,0.00414884357490576,0.0347812636767868
"Ltn1",3081.62439309651,-0.104581831527514,0.0335432515517599,10.9622671495625,0.00416460612866919,0.0348717109287542
"Psen2",443.874367379084,-0.265070936907331,0.0810390047593847,10.9622474741784,0.00416464709898337,0.0348717109287542
"Insr",1729.03306229973,-0.204000903002773,0.0634264999626625,10.9453086230554,0.00420006905766125,0.0351471482875768
"Psmc5",3512.87397062268,0.111491232592818,0.0373876059541075,10.9412010458135,0.00420870397581215,0.035198229041248
"Plgrkt",347.160890449651,0.237884078053049,0.0751375108154648,10.9339575319823,0.00422397451494057,0.0353047100683855
"Ncapg2",233.191959035842,-0.276671787664767,0.0866920911402712,10.9322540129967,0.00422757385800067,0.0353135719021462
"Vwa8",1501.72040760854,-0.139261319950558,0.0426667047958398,10.9258411807264,0.00424115097434155,0.0354057189382607
"Oprd1",630.617520996588,-0.28802908388678,0.102386482914372,10.9224064008745,0.00424844094236647,0.0354453009156766
"Arid1a",4506.49342131344,-0.175727657125077,0.0539715145898708,10.9132260283363,0.00426798690312641,0.0355870274872195
"Psmc1",3871.90148195063,0.115493510831719,0.0365990248309871,10.9081152194816,0.00427890728280519,0.0356567061050058
"Spp1",219.348125922753,0.379780476732642,0.124879958960473,10.8947521171507,0.00430759274572435,0.0358742514416373
"Nos1ap",2609.78926532994,-0.177372286681704,0.0544163682996399,10.887605712131,0.00432301217890737,0.0359811211156456
"Slitrk3",2321.81494555393,-0.146658733150453,0.0450319601125815,10.8859225900874,0.00432665178871604,0.0359898762425016
"Akap12",1151.22326702872,-0.15494578612562,0.0524207232288574,10.8820042608447,0.0043351367208048,0.036038901083654
"Fabp7",927.940486753872,0.265758373988655,0.0847770026824136,10.8803531047103,0.00433871719237588,0.0360471198993809
"Fndc9",133.16527399286,0.448342207297135,0.138392086100868,10.8733118217702,0.00435401918065165,0.0361455499550458
"Odf2",2064.02147309073,-0.177457767873607,0.0546506012811622,10.8725112989719,0.00435576227528449,0.0361455499550458
"Bscl2",2708.49571655269,-0.112927030213063,0.0345665485798805,10.871296108007,0.00435840962094177,0.0361459517042684
"Serinc5",3667.12794021258,-0.160164218779228,0.0488892381445604,10.8665209288146,0.00436882814704164,0.0362107639267313
"Dnlz",1186.39045051594,0.136630479471728,0.048809379016598,10.8634024458153,0.00437564551877647,0.0362456687761424
"Slc25a5",6957.98828043459,0.12290070925686,0.0391865502178358,10.8621055155017,0.00437848389262777,0.0362475916539685
"Zfp507",1027.92542972982,-0.14010045012378,0.0525835566051608,10.8598847462732,0.00438334839400977,0.0362662757072503
"Crip1",42.854837653558,0.625838997852887,0.192113511290223,10.8556584857123,0.00439262077365366,0.0363213850891647
"Fmn1",1075.30610405483,-0.208888869602548,0.0669071748087717,10.8534144228238,0.00439755219837388,0.0363225239227017
"Fktn",1316.66578358758,-0.241272527461847,0.0743066376828546,10.8532190694502,0.00439798175768117,0.0363225239227017
"Trappc11",2999.1477947621,-0.0895259394020894,0.0324756592487174,10.8498605889561,0.00440537322994644,0.0363619767846262
"Szt2",1764.06608247534,-0.208598468101988,0.0643820662041867,10.837436229963,0.00443282537975719,0.036555240307462
"Nktr",4133.37131374101,-0.199967655904824,0.0620019452630198,10.83688627996,0.00443404446352375,0.036555240307462
"Slc4a3",5662.70533057165,-0.142423439148092,0.0435119324020642,10.8348645480644,0.00443852895431043,0.0365705335880033
"Abcc9",251.814582971979,-0.359006814264221,0.125835929420657,10.8297801981401,0.00444982682598563,0.0366231760605083
"Dffa",1516.76501644852,0.131493770783066,0.0432200054739006,10.8296193969826,0.00445018460902064,0.0366231760605083
"Tmem184b",2373.93575930619,-0.129916173394667,0.0402327998054318,10.82807390315,0.00445362480448318,0.0366298129986706
"Pcdhgb4",159.737396859274,-0.387668131473526,0.119955840472798,10.8216755027546,0.00446789565732419,0.03672546855914
"Brdt",580.349149857853,0.177372381420737,0.055623057607646,10.819795002728,0.00447209857186094,0.036738302975453
"Blzf1",1036.78176204502,0.126480734429689,0.0456759199182317,10.8075312390127,0.00449960519946732,0.036942449299995
"Cnot7",3575.68579852326,0.09630094271688,0.0310437810032503,10.7933785837221,0.0045315588038825,0.0371828435660164
"Sytl5",264.200738890924,-0.340773167570483,0.107442454586221,10.7869124470353,0.00454623335232414,0.0372557595017949
"Sntb2",360.542421511741,-0.357877373234914,0.119587104493177,10.7866510658335,0.00454682754111938,0.0372557595017949
"Slc12a5",22596.8179570495,-0.144965152552771,0.0478129288991869,10.7851924614384,0.00455014476191807,0.0372557595017949
"Qpctl",554.211021435432,-0.199237412520162,0.0616533943990799,10.7847462001332,0.00455116015196646,0.0372557595017949
"Lzts3",7566.77121834622,-0.117206750112418,0.0406506970362435,10.7822751708568,0.00455678665205073,0.037279875739248
"Ubtf",4766.28485396158,0.0952213317509385,0.029071601870055,10.779423316565,0.00456328893262343,0.037311124323884
"Fam160b1",1579.96663712443,-0.107639445694766,0.0358861583827966,10.7744422476807,0.00457466812513322,0.0373821881811709
"Pcdhga9",157.205688435933,-0.397824786647889,0.127091948278127,10.766092609724,0.00459380645818278,0.0375165356549654
"Pcdh7",7456.46497187117,-0.115514796185569,0.0483516661232753,10.7556542906637,0.00461784494271486,0.0376779168910357
"Stx17",1105.63847655902,-0.147549709536132,0.0467723899449236,10.755160436841,0.00461898535369686,0.0376779168910357
"Trpm7",2076.14775978425,-0.120172253902687,0.0398386613097129,10.7526744977999,0.00462473018129065,0.0377026655107799
"Dusp8",6277.75615096209,-0.134398694388327,0.0410189272975481,10.7499252598245,0.0046310917946064,0.0377324104741569
"Hhipl1",112.744243642351,-0.360913018524403,0.112338117510046,10.7387048283232,0.00465714623591616,0.0379094324962829
"Rgma",1969.74507009417,0.107665664317577,0.044591530873599,10.7382222586823,0.00465827007018604,0.0379094324962829
"Rnf4",3740.44072927698,0.118751211787059,0.0402448556868899,10.7357035794438,0.00466414010965345,0.0379350062251814
"Dync1li2",10592.348986534,-0.0802151918100896,0.0245815408471928,10.734463294827,0.0046670334373125,0.0379363536213573
"Prmt1",1832.5247678478,0.163144342601257,0.0508215340448024,10.7277506849292,0.00468272374072739,0.0380384511668482
"Nudt5",526.222568208736,0.156791445275607,0.0597137092580297,10.7267515056916,0.00468506376537323,0.0380384511668482
"Eef1g",5288.96114694394,0.0847107859689177,0.0309896343663225,10.7238466275641,0.00469187347915219,0.0380715147888265
"Nhp2",751.390999126913,0.205515061402292,0.0652623289900009,10.7192242396252,0.00470272984959896,0.038121103139685
"Ccdc124",1958.27879319816,0.189131626681959,0.0601335107039245,10.7184229566079,0.00470461433585723,0.038121103139685
"Capza2",8177.27855263384,0.110700563207372,0.0338514414548167,10.717745788477,0.00470620751300253,0.038121103139685
"Rai1",2794.85336094908,-0.176560471074568,0.054018834457537,10.7051478724272,0.00473594527672092,0.0383396547780178
"Pcdh17",2882.64050390204,-0.196348510181598,0.0602813164671559,10.6945388021567,0.00476113401304478,0.0385211470933257
"Ttc27",577.324639207848,0.0429013830240893,0.064702346742111,10.6922245731891,0.0047666463787748,0.0385433243232558
"Ap1g1",5270.72467794143,-0.0774178124225762,0.0255759610138411,10.6865736102839,0.00478013349453418,0.0386299225113198
"Ube2g1",2924.46523904221,0.124222180263652,0.0389689948362876,10.6845789519828,0.00478490323911896,0.0386460129208284
"Pdcd6",1701.73173698618,0.18022281378319,0.055826088001044,10.6774709109461,0.0048019391384452,0.0387610966555403
"Arfgap2",2433.54670160937,0.108682217422218,0.0392399615423137,10.6741045886138,0.0048100283817657,0.0388038716552189
"Wwc2",1655.88292138247,-0.132931813343467,0.0442792195978107,10.6644455899453,0.00483331459574974,0.0389687627323267
"Kcnq2",14750.6475312677,-0.125673740712775,0.0392023816731502,10.6633050617091,0.00483607164768448,0.0389687627323267
"Myg1",595.890488318506,0.154262786459721,0.0994374860414763,10.6598500585532,0.0048444331892956,0.0390063282459604
"Zfp788",1312.17212799719,0.14193680838556,0.0435439572843604,10.659061854125,0.00484634276740147,0.0390063282459604
"Camsap2",8805.65708892689,-0.0883494414824638,0.030477009771307,10.6550617828993,0.00485604532502424,0.0390618151419532
"Lama3",201.833633508895,-0.319467771126414,0.111589919443963,10.6432418401138,0.0048848293866875,0.0392706399480056
"St3gal1",1346.75721269614,-0.256155993383153,0.0786482020998202,10.6394275664069,0.00489415431396338,0.0393050440453903
"Slc38a6",152.161499913997,-0.474966238802436,0.153252310150237,10.6391796502743,0.00489476102147081,0.0393050440453903
"Emg1",744.126327340067,0.130949122921887,0.0493146272058747,10.6348852830129,0.00490528226368942,0.0393668007636425
"Mest",1827.52231640051,-0.183589370132313,0.0577471661734139,10.6331569349986,0.0049095231132717,0.039378112721674
"Zfp825",156.56986088915,0.349192072554449,0.107413279043357,10.630289214155,0.0049165677334478,0.039411887052906
"Zwint",29923.5768975894,0.101231461813102,0.0325648335202978,10.6290964236921,0.00491950082555307,0.0394126828812167
"Gabra2",1730.74095349239,-0.554675470078366,0.169774390242469,10.6176343091617,0.00494777571160548,0.0396163872176218
"Rasal1",3561.21907635662,-0.164973391816032,0.0512357100436035,10.6157975898989,0.00495232163616147,0.039619474139316
"Fam3a",561.078324491654,-0.169571215249476,0.059946356020538,10.6151769783603,0.00495385860859006,0.039619474139316
"Tm2d3",727.455240541447,0.199009921316195,0.0626441922283074,10.6069598381765,0.00497425375265847,0.0397597248229735
"Samd14",1405.33153655362,0.153268358379353,0.064383981657671,10.6055374101595,0.00497779276995952,0.0397651590147024
"Adk",2086.46778763464,0.155163196670495,0.0528276513065335,10.5997418357441,0.00499223827406094,0.0398576635566243
"Msrb1",685.703333495891,0.228524324378911,0.0722086837210583,10.598320696639,0.00499578686718938,0.0398631117319965
"Mis18a",175.070426682635,0.353263875785958,0.112967718329265,10.5924351576719,0.00501050996905073,0.0399576678036454
"Gm17769",37.5671003476299,-0.753410701006038,0.23232691542625,10.5875125477274,0.00502285755150065,0.0400331821353989
"Trafd1",2185.01935667941,-0.162702852119312,0.0500408759523821,10.5695691292246,0.00506812392379977,0.0403536116203371
"Ttc37",897.898716782027,-0.151371908426933,0.0494496861373622,10.5692771278921,0.00506886392728854,0.0403536116203371
"Ccdc102a",45.0052849023918,0.607358701230455,0.194544008931371,10.5510762381346,0.00511520337905834,0.0406992268855512
"Paics",3161.09564746012,0.108570266086032,0.0362799992214239,10.5433710161461,0.00513494827811975,0.0408289726913333
"Rfx3",2879.75468259726,-0.190346009749798,0.0587182320887222,10.5424235216218,0.00513738152213355,0.0408289726913333
"Mrgprf",59.1203356615329,0.585092992189703,0.192053531405575,10.5373148013696,0.00515052101900542,0.0409100207494731
"Lrp6",2216.94402295314,-0.0973184482193694,0.0392648493059384,10.5333472927807,0.00516074852827412,0.0409354524531522
"Klhl3",664.842702345497,-0.180852556179649,0.0702677268709998,10.5327633605457,0.00516225551196864,0.0409354524531522
"Tmem132b",7884.88318464687,-0.130686857313646,0.0409951978288768,10.5326482068894,0.00516255274682405,0.0409354524531522
"Slc20a1",5339.78938704299,-0.113451194227685,0.0352900711296242,10.5285472080773,0.00517314941868689,0.0409961037692862
"Gpr83",556.335647634378,-0.259247158268867,0.0889601120415851,10.5223719158368,0.00518914695807981,0.0410994623536298
"Usp31",5307.60335095675,-0.109265835989735,0.0404759642099616,10.515963170133,0.00520580158928994,0.0411998592044018
"Gng10",1396.21811408451,0.175862583820475,0.0543713088915048,10.515215709768,0.00520774751807149,0.0411998592044018
"Uqcrq",2704.83705324918,0.187833028529417,0.060107413688799,10.5066229621905,0.00523017008137199,0.0413252766264675
"Gclc",1996.178068927,-0.101531978997003,0.0314738899460967,10.5060183517744,0.00523175142803929,0.0413252766264675
"Vip",2331.42813127623,0.219743791878418,0.068266831328899,10.5057266520072,0.00523251453402425,0.0413252766264675
"Plxna1",5346.79681154943,-0.16235267268537,0.0510590578160272,10.5045116403057,0.00523569428297791,0.0413257051486284
"Pds5a",1838.22995121225,-0.140597938234897,0.0470766752630079,10.5034357653257,0.00523851151689904,0.0413257051486284
"Ssu72",2083.95474242262,0.135360343917374,0.0424597174402029,10.4989169332275,0.00525036087516796,0.0413957024103378
"Pfdn1",1206.07362869909,0.145741420956235,0.0569426964447798,10.4960398577116,0.00525791915266003,0.0414318071247568
"Rbm12",730.986658315304,-0.208722745856478,0.0648092799912064,10.4938874228643,0.00526358086293339,0.0414529346781866
"Mfsd7b",470.459674355487,-0.222186344285433,0.0688009045530938,10.4922854312229,0.0052677986581991,0.0414626733096962
"Atf4",3712.44712286796,0.146056559612572,0.050658338048088,10.4896401898731,0.00527477056719501,0.0414688745129031
"Ikzf4",371.003827107151,-0.24082980644613,0.0829205774474606,10.4880591126474,0.00527894212567384,0.0414688745129031
"Pcbp1",4642.14122737988,0.0792954695548091,0.031510122538148,10.4875858391551,0.00528019146517557,0.0414688745129031
"Fbxo10",1674.3058000525,-0.159293525760843,0.0493117436438701,10.4874367601034,0.00528058506281291,0.0414688745129031
"Adh5",1438.56410625097,0.152975804723086,0.047629709513557,10.48633501369,0.00528349479701354,0.0414688745129031
"Slc23a3",61.398993450683,0.59897046716638,0.215824924465979,10.4825809782603,0.00529342132356258,0.0415032167616343
"Taf11",1044.49617637369,0.136339268285435,0.0472107963985498,10.4824233453582,0.00529383854868703,0.0415032167616343
"Asna1",2649.76999079375,0.114436637614971,0.0361826306903278,10.480535868764,0.00529883690506333,0.0415189992538709
"Pcsk5",642.471127004748,-0.189973274408911,0.0692663918916711,10.4791922347553,0.00530239794985062,0.0415235082694383
"Mrps14",794.394166573941,0.182791841632073,0.0565856343755829,10.4764445691739,0.00530968756423273,0.0415424707144828
"Vipas39",1867.79278540128,-0.132531448822377,0.0420458525879558,10.4760281227925,0.00531079327943274,0.0415424707144828
"Rps18",2798.33072874443,0.199186481014567,0.0641517238801201,10.4729184912316,0.00531905700725261,0.0415738745569648
"Mal2",8598.54238196612,0.158113971759349,0.0488489708737902,10.4722683485969,0.00532078636118761,0.0415738745569648
"Kif21a",8400.6279369671,-0.118690283268665,0.0390516660159815,10.4651597921944,0.00533973156448184,0.0416984764732249
"2900026A02Rik",3015.35197491976,-0.181538137864936,0.0589323441461299,10.4537766320765,0.00537020972634751,0.0419129499854328
"Stx8",517.244515929572,0.197918822952118,0.0656877866733466,10.4494539795543,0.00538182905371224,0.0419800776663095
"Timm17a",1592.61716128541,0.1620280007739,0.0506386093384196,10.447077632778,0.00538822740019324,0.0420064275122688
"Rab12",3394.62106535194,0.0955887815942407,0.0319248110016173,10.4288623232518,0.00543752567017951,0.0423670067343735
"Rrp7a",2927.69568599726,0.129073813244103,0.0400491584789316,10.4260084884795,0.00544529010838469,0.0423838165394173
"Cebpg",1213.31492401935,0.146278386124417,0.0491176736653831,10.4258293059281,0.00544577798072611,0.0423838165394173
"Uxs1",1286.15007855617,0.120587746976369,0.0462546491221619,10.4193754898964,0.00546337938913421,0.0424970249127956
"Mef2c",44129.8623012655,-0.110794175637238,0.0347588509663551,10.4176568826006,0.00546807610863809,0.0425097834091328
"Evi5l",1672.80119060593,-0.131520077883154,0.0468496844394079,10.416149498176,0.0054721989084835,0.0425180683906081
"Gm14403",124.217895735652,0.47292492603906,0.146974957152873,10.4141421160835,0.00547769406278836,0.0425370011307987
"Slc17a5",893.126485223249,-0.225167132183591,0.074701011023122,10.4108471550428,0.00548672589489419,0.0425773791628104
"Sh3rf1",1600.62008024262,-0.132750754658498,0.0491338287227424,10.4100123836613,0.00548901645376179,0.0425773791628104
"Pigyl",532.536283088658,0.207501202021112,0.069143304124952,10.4059851799506,0.00550008028281207,0.0426394183797939
"Pde9a",562.176270931063,0.209371613113043,0.0649317981074252,10.3993757757039,0.00551828647625531,0.0427567288644896
"Zfp334",794.95287482802,-0.144649810059244,0.0519415500294877,10.3941214847908,0.00553280287749879,0.0428453354233036
"Pitrm1",1443.19127460795,-0.131909992451385,0.0426320795790707,10.3860782006219,0.00555509863312026,0.0429940521922296
"Krr1",1700.58214642946,0.10851221742991,0.0365268742044625,10.3847034707755,0.00555891832567658,0.0429996863590155
"Hbs1l",1783.1615046375,0.0801458651388467,0.0370311165551035,10.3828461568279,0.00556408305170474,0.0430157126643188
"Ube2d3",7570.4245021217,0.0733856695522067,0.0268070448861793,10.3802463513774,0.00557132052141143,0.0430295599655359
"Pcdh8",1481.53595236144,-0.208057183473005,0.0651005534267683,10.3799802127215,0.00557206194261793,0.0430295599655359
"Ndufa11",1872.85384966769,0.158369658449376,0.0503564391493811,10.3753776796199,0.00558489950804997,0.0431047626847719
"Cd200",4002.95578310916,-0.155875599256105,0.049198180261887,10.3616393562157,0.00562339515088946,0.0433778035266615
"Ghitm",14377.8932844673,0.112305727379899,0.03547690334455,10.3593076183619,0.00562995511584603,0.0433862467105416
"Chrna7",440.18246586863,-0.255187608186792,0.0977768948417343,10.3579040238708,0.00563390758959422,0.0433862467105416
"Eif3b",3239.97443915929,0.0792324106513404,0.0280962856158557,10.3576010706866,0.00563476105935494,0.0433862467105416
"Sorbs2",7726.08572484651,-0.134911146511411,0.0439327167184822,10.3568179734079,0.00563696777437076,0.0433862467105416
"Frs2",1993.33657210425,-0.104923833230048,0.0350490527169882,10.3358677314444,0.00569632604353101,0.0438188620649498
"Rbm17",1262.46711138645,0.101152330360373,0.0388399311881344,10.3301538788911,0.00571262329602485,0.0439052543733962
"Rtf1",4013.08089995771,-0.0806309141671524,0.0263183216506614,10.3297172906642,0.00571387046418228,0.0439052543733962
"Rsad2",53.855811802649,0.114722237013273,0.231739420565084,10.3277883429502,0.00571938400127121,0.043923353224561
"Rpn1",5102.25606385293,0.0915534571392459,0.0321176791471037,10.3259496133073,0.00572464461956538,0.0439394908216972
"Thsd7a",2504.00362721854,-0.176164221097797,0.0602746576559798,10.3242157364174,0.00572960968596238,0.0439533433603777
"9830166K06Rik",61.991070538713,-0.49524932427074,0.154407829897642,10.3210094747931,0.0057388023663573,0.0439763944133906
"Pcna",1134.16703779761,0.240184400209573,0.0827105841156495,10.32096205212,0.00573893844264481,0.0439763944133906
"1500011K16Rik",580.693991684137,0.184444507391577,0.0782908569268099,10.3193334794339,0.00574361348499555,0.0439879825712104
"Mpl",51.7746790037892,0.602245134235383,0.199757948887445,10.3164997249102,0.00575175724833742,0.0440261088661953
"Slc6a17",25967.6464718924,-0.132698637123654,0.0423619279474887,10.3129650772195,0.00576193145398494,0.0440787849137943
"Rasgrp1",23244.6455935087,-0.0890943941182187,0.0303208285930888,10.3119079892072,0.00576497769328385,0.0440787849137943
"Cdc25b",451.04461230282,-0.183311146465177,0.0740149483311692,10.3023649715705,0.00579255106616639,0.0442652748506825
"Hs3st5",301.26348797915,-0.236716194056781,0.0981423038939606,10.2988164449556,0.00580283769987957,0.0443051802279444
"Syf2",1094.97367212483,0.121679437941775,0.0432141204437232,10.2980918727941,0.00580494036806768,0.0443051802279444
"Metap2",2842.90154071822,0.102451525579818,0.0327978845285991,10.2968414408363,0.00580857084434006,0.0443051802279444
"Serpine2",5113.78370156882,0.0966632138038818,0.0359119099404639,10.2957739881859,0.00581167185898437,0.0443051802279444
"Ctsz",784.720113456605,0.16598656849427,0.0627642674680222,10.2950758014211,0.00581370102933553,0.0443051802279444
"Ccser2",5314.81030870037,-0.0962182437677136,0.031825809046021,10.2922271991213,0.00582198739013262,0.0443295014277985
"Mrpl46",628.724039489948,0.198027101167235,0.0644178793197332,10.291242525201,0.00582485447543426,0.0443295014277985
"Ubap1l",35.0505023307487,-0.701466849200674,0.219095948098835,10.2906932364744,0.00582645445858611,0.0443295014277985
"Grin3a",2634.11257884194,-0.144655558206482,0.0484076076180708,10.2803342838173,0.00585671072971354,0.0445105725673431
"Psmg2",476.027554374801,0.179417085562217,0.0638728037177125,10.2799553079344,0.00585782061092456,0.0445105725673431
"Pcdh19",2152.0063480946,-0.222870270446378,0.0694888331983983,10.2792609613984,0.00585985464270961,0.0445105725673431
"Nos1",1691.71340250068,-0.261403939282829,0.0817253959726145,10.2591223166195,0.0059191574768756,0.044936485910691
"Polr2e",1546.78027407669,0.136844676591008,0.0428430881451521,10.2506137546739,0.00594439287708497,0.0451034457907789
"Cnn2",167.097130583591,0.444600305180681,0.148693167164522,10.2360618283727,0.00598780178993206,0.0454080410547302
"Fkbp3",3729.429319662,0.120920155519,0.0438289614604068,10.2290523368929,0.0060088243305579,0.0455317761466472
"Eif2b2",1022.63604612555,0.175568173995229,0.0555251589386413,10.2284394837496,0.00601066587613203,0.0455317761466472
"Kat6b",1930.50302025278,-0.18747643428825,0.060499063793989,10.2166313138547,0.00604625832508559,0.0457764620496953
"Fancc",141.675022940053,-0.264743525039161,0.130344166337768,10.2135309883824,0.00605563827778268,0.0458225338233958
"Ascc2",544.289672324624,-0.18005272776237,0.0576301749473814,10.2082433403099,0.00607166950234684,0.0459188577697878
"Eif4a2",24728.0463316029,0.0902585768826747,0.0337442307759439,10.1957210315417,0.0061098044222001,0.0461821521217168
"Miat",8545.05587157327,-0.380036204725713,0.119174874632615,10.1940502358279,0.00611491067229847,0.0461956423847513
"Lum",70.5528353545112,0.529907901059289,0.166104778676544,10.1811944424851,0.00615434328486194,0.0464682988088273
"Dctn5",2141.58994313226,0.155290370317493,0.0589771340079042,10.1752724043344,0.00617259341888818,0.0465808080683108
"Mphosph10",657.599478664329,0.17162658352272,0.0594180057771683,10.1721954855861,0.00618209701166748,0.046627226268043
"Edc4",2501.74986008811,-0.103506751607207,0.0350581710903353,10.1696407085673,0.00618999899723226,0.0466615208962094
"Alkbh8",632.938525261773,-0.206237741635497,0.0671068264475901,10.165878065249,0.00620165533764065,0.046724064158129
"Vbp1",2036.60481667169,0.152584706802901,0.0485740629588146,10.1639591098769,0.00620760854308106,0.0467435948116791
"Rragc",2209.84188902056,0.0877910193399136,0.0375024925999896,10.1618289729726,0.00621422359321878,0.0467680853541595
"Guk1",1940.6101031273,0.147116123303443,0.0466671531725984,10.157909660824,0.00622641327412039,0.0468344812420045
"Aqr",2014.41723992409,-0.158037491936379,0.0495879898160218,10.1555060443395,0.00623390072725317,0.0468654547646687
"Brk1",5599.63669938555,0.123914607348643,0.038887900931903,10.1507724324872,0.00624867263466077,0.0469321457569301
"Slc9a8",1064.77084587142,-0.183618534039564,0.0584852886758304,10.1505010112851,0.00624952070332431,0.0469321457569301
"Tm2d1",855.357199549935,0.185837172581002,0.058518811829983,10.1477977961289,0.00625797331388587,0.0469702605771855
"Atg101",820.339900669604,0.169918297909239,0.0561983222067362,10.1437047718517,0.00627079344603956,0.0470260583501211
"Tyms",40.3952781755717,0.642583513156198,0.202311605915899,10.1432658320363,0.00627216984753197,0.0470260583501211
"Ablim3",768.259903312683,-0.20182986206782,0.0653055620218967,10.1397266594885,0.00628327881944497,0.0470839664982978
"Cand1",5599.47352245072,-0.0773840087054374,0.0259367163930654,10.1362838454611,0.00629410421445618,0.0471396884300789
"Tub",7766.59660865114,-0.121943255137653,0.0411671761668595,10.1339915632496,0.00630132228169186,0.0471636951553147
"Pcolce",223.276477293456,0.361522938215697,0.113732023078971,10.1331127163971,0.0063040918387784,0.0471636951553147
"Ntan1",1128.75880553212,0.160995713251621,0.0518401541018426,10.1303923731377,0.00631267231978889,0.047202498184744
"Uqcrfs1",3259.22109622809,0.176219382917733,0.0557641117582566,10.1209811825436,0.0063424472002966,0.0473804770610994
"Rasl10b",8582.28703332849,0.127139207545221,0.0406456886554389,10.1207160935286,0.00634328791255155,0.0473804770610994
"Pex13",1261.48266955176,0.110217121864919,0.0422334360553723,10.0954304291191,0.00642399413988948,0.047957547234344
"Cabin1",3302.4876487059,-0.140833020572619,0.0458707362008757,10.0925838636981,0.00643314380941983,0.0480000880372376
"Scaf11",2392.58816523103,-0.114402763304315,0.0360262536833839,10.0837952004887,0.00646147538014682,0.0481856298054059
"Samd8",4769.52862028714,-0.0836948010385505,0.0300932390906441,10.0749023853456,0.00649026970140441,0.048374421761593
"Eif3h",3418.93070001501,0.0948852607751217,0.0306208057238467,10.0715025180992,0.00650131211211692,0.0484122322420595
"Actr6",647.415503275787,0.185034161417679,0.0585443004599744,10.0706447065857,0.00650410116038508,0.0484122322420595
"Kmt2a",4919.27401667685,-0.319678328991908,0.102641928276279,10.0694525896954,0.00650797914044634,0.0484122322420595
"Akap1",1534.01953319545,-0.152538058026739,0.0481169690315265,10.0690570963923,0.00650926619878137,0.0484122322420595
"Map3k3",684.623217994222,-0.184504263126851,0.0581613290297552,10.0648330218087,0.00652302853990826,0.0484886589700931
"Cpne2",556.603853722259,0.237248758613859,0.0748779561764558,10.0627003982065,0.00652998783194756,0.0484922695529256
"Col6a2",748.502985891039,0.315243188855374,0.106108090551447,10.0625473501755,0.00653048755195784,0.0484922695529256
"2210408I21Rik",483.665745555565,-0.217844309449958,0.0691076090149938,10.061213081678,0.00653484571744384,0.0484987375870912
"Trmt2b",435.56886915946,0.190697321455037,0.0601679858373674,10.0564999275678,0.00655026374466948,0.0485748606799684
"Aifm1",882.685622900992,0.141501506598386,0.0525923184846996,10.0559430308541,0.00655208790880219,0.0485748606799684
"Kctd17",4754.61979250755,0.118457497168462,0.0377136199468597,10.0464851962622,0.00658314556731032,0.0487742224677672
"Dpy19l4",510.517117658424,-0.20631897606259,0.0677649107278445,10.0456203343275,0.00658599293891766,0.0487742224677672
"Sh3gl3",1542.82826251029,0.145406519088644,0.04633366281144,10.0438081887522,0.0065919630321603,0.0487924544179273
"Mpv17",1399.59047193008,0.116703577469009,0.036833567539445,10.0397233996406,0.00660544017971067,0.0488462843650125
"Ctsb",20538.5946717896,0.0972669735790133,0.0309433576861723,10.0394752586833,0.00660625977067792,0.0488462843650125
"Gpr135",223.923934529908,-0.182386907169178,0.0892950250439759,10.0372023171701,0.00661377185954406,0.0488758443265349
"R3hcc1l",514.572335870311,0.152816848006246,0.0600789417882873,10.0322139533045,0.00663028839888827,0.0489718805373011
"Caskin1",4970.27169630312,-0.139688847914231,0.0467470133540172,10.0089650299154,0.00670781164243042,0.0495181763922093
"Naca",4737.16143482502,0.11809104995587,0.0385795595950902,10.0051428992072,0.00672064296570546,0.0495865795050565
"Ackr1",1456.24596192677,-0.20052923232015,0.0703444800122842,9.99447079210347,0.00675660052688985,0.0498254507571495
"Rreb1",667.684463438835,-0.317062066762256,0.108719084051982,9.99298754912519,0.00676161322556691,0.0498359919137173
"Set",5147.43596647979,0.0798679801542048,0.0257857186493537,9.98969892636734,0.0067727405690352,0.0498915655901174
"Atp6v1f",2446.30382393332,0.155581533374773,0.0492182881548851,9.98780659074487,0.00677915175070405,0.0499123570930608
"Hfe",84.6129610465517,0.363661536384694,0.130456339215256,9.98546671742943,0.00678708757014328,0.0499443459923559
"Pak1ip1",1380.44352060975,0.132763992483468,0.0462202092423955,9.98262356879604,0.00679674278069182,0.0499889469031528
